item_num,num_code,institution,section_name,section_name2,section_name3,section_name4,stid,stname,qpe1h_grid,qpe1h_ave,qpe1h_max,alarm_level
001,0101,第一區養護工程處,中和工務段,新北市,八里區,訊塘里,THB61001,0101,40.0,NULL,NULL,PRE-WARNING
001,0101,第一區養護工程處,中和工務段,新北市,八里區,訊塘里,THB61001,0101,NULL,40.0,NULL,PRE-WARNING
001,0101,第一區養護工程處,中和工務段,新北市,八里區,訊塘里,THB61001,0101,NULL,NULL,40.0,PRE-WARNING
002,0102,第一區養護工程處,中和工務段,新北市,八里區,下罟里,THB61002,0102,40.0,NULL,NULL,PRE-WARNING
002,0102,第一區養護工程處,中和工務段,新北市,八里區,下罟里,THB61002,0102,NULL,40.0,NULL,PRE-WARNING
002,0102,第一區養護工程處,中和工務段,新北市,八里區,下罟里,THB61002,0102,NULL,NULL,40.0,PRE-WARNING
003,0103,第一區養護工程處,中和工務段,新北市,八里區,下罟里,THB61003,0103,40.0,NULL,NULL,PRE-WARNING
003,0103,第一區養護工程處,中和工務段,新北市,八里區,下罟里,THB61003,0103,NULL,40.0,NULL,PRE-WARNING
003,0103,第一區養護工程處,中和工務段,新北市,八里區,下罟里,THB61003,0103,NULL,NULL,40.0,PRE-WARNING
004,0104,第一區養護工程處,中和工務段,新北市,八里區,下罟里,THB61004,0104,40.0,NULL,NULL,PRE-WARNING
004,0104,第一區養護工程處,中和工務段,新北市,八里區,下罟里,THB61004,0104,NULL,40.0,NULL,PRE-WARNING
004,0104,第一區養護工程處,中和工務段,新北市,八里區,下罟里,THB61004,0104,NULL,NULL,40.0,PRE-WARNING
005,0105,第一區養護工程處,中和工務段,新北市,林口區,太平里,THB61005,0105,40.0,NULL,NULL,PRE-WARNING
005,0105,第一區養護工程處,中和工務段,新北市,林口區,太平里,THB61005,0105,NULL,40.0,NULL,PRE-WARNING
005,0105,第一區養護工程處,中和工務段,新北市,林口區,太平里,THB61005,0105,NULL,NULL,40.0,PRE-WARNING
006,0106,第一區養護工程處,中和工務段,新北市,林口區,太平里,THB61006,0106,40.0,NULL,NULL,PRE-WARNING
006,0106,第一區養護工程處,中和工務段,新北市,林口區,太平里,THB61006,0106,NULL,40.0,NULL,PRE-WARNING
006,0106,第一區養護工程處,中和工務段,新北市,林口區,太平里,THB61006,0106,NULL,NULL,40.0,PRE-WARNING
007,0107,第一區養護工程處,中和工務段,新北市,林口區,太平里,THB61007,0107,40.0,NULL,NULL,PRE-WARNING
007,0107,第一區養護工程處,中和工務段,新北市,林口區,太平里,THB61007,0107,NULL,40.0,NULL,PRE-WARNING
007,0107,第一區養護工程處,中和工務段,新北市,林口區,太平里,THB61007,0107,NULL,NULL,40.0,PRE-WARNING
008,0108,第一區養護工程處,中和工務段,新北市,林口區,瑞平里,THB61008,0108,40.0,NULL,NULL,PRE-WARNING
008,0108,第一區養護工程處,中和工務段,新北市,林口區,瑞平里,THB61008,0108,NULL,40.0,NULL,PRE-WARNING
008,0108,第一區養護工程處,中和工務段,新北市,林口區,瑞平里,THB61008,0108,NULL,NULL,40.0,PRE-WARNING
009,0109,第一區養護工程處,中和工務段,新北市,林口區,嘉寶里,THB61009,0109,40.0,NULL,NULL,PRE-WARNING
009,0109,第一區養護工程處,中和工務段,新北市,林口區,嘉寶里,THB61009,0109,NULL,40.0,NULL,PRE-WARNING
009,0109,第一區養護工程處,中和工務段,新北市,林口區,嘉寶里,THB61009,0109,NULL,NULL,40.0,PRE-WARNING
010,0110,第一區養護工程處,中和工務段,新北市,林口區,下福里,THB61010,0110,40.0,NULL,NULL,PRE-WARNING
010,0110,第一區養護工程處,中和工務段,新北市,林口區,下福里,THB61010,0110,NULL,40.0,NULL,PRE-WARNING
010,0110,第一區養護工程處,中和工務段,新北市,林口區,下福里,THB61010,0110,NULL,NULL,40.0,PRE-WARNING
011,0111,第一區養護工程處,中和工務段,新北市,林口區,下福里,THB61011,0111,40.0,NULL,NULL,PRE-WARNING
011,0111,第一區養護工程處,中和工務段,新北市,林口區,下福里,THB61011,0111,NULL,40.0,NULL,PRE-WARNING
011,0111,第一區養護工程處,中和工務段,新北市,林口區,下福里,THB61011,0111,NULL,NULL,40.0,PRE-WARNING
012,0112,第一區養護工程處,中和工務段,新北市,林口區,下福里,THB61012,0112,40.0,NULL,NULL,PRE-WARNING
012,0112,第一區養護工程處,中和工務段,新北市,林口區,下福里,THB61012,0112,NULL,40.0,NULL,PRE-WARNING
012,0112,第一區養護工程處,中和工務段,新北市,林口區,下福里,THB61012,0112,NULL,NULL,40.0,PRE-WARNING
013,0113,第一區養護工程處,中和工務段,新北市,林口區,下福里,THB61013,0113,40.0,NULL,NULL,PRE-WARNING
013,0113,第一區養護工程處,中和工務段,新北市,林口區,下福里,THB61013,0113,NULL,40.0,NULL,PRE-WARNING
013,0113,第一區養護工程處,中和工務段,新北市,林口區,下福里,THB61013,0113,NULL,NULL,40.0,PRE-WARNING
014,0201,第一區養護工程處,中壢工務段,桃園市,蘆竹區,坑口里,THB61014,0201,40.0,NULL,NULL,PRE-WARNING
014,0201,第一區養護工程處,中壢工務段,桃園市,蘆竹區,坑口里,THB61014,0201,NULL,40.0,NULL,PRE-WARNING
014,0201,第一區養護工程處,中壢工務段,桃園市,蘆竹區,坑口里,THB61014,0201,NULL,NULL,40.0,PRE-WARNING
015,0202,第一區養護工程處,中壢工務段,桃園市,蘆竹區,海湖里,THB61015,0202,40.0,NULL,NULL,PRE-WARNING
015,0202,第一區養護工程處,中壢工務段,桃園市,蘆竹區,海湖里,THB61015,0202,NULL,40.0,NULL,PRE-WARNING
015,0202,第一區養護工程處,中壢工務段,桃園市,蘆竹區,海湖里,THB61015,0202,NULL,NULL,40.0,PRE-WARNING
016,0203,第一區養護工程處,中壢工務段,桃園市,蘆竹區,海湖里,THB61016,0203,40.0,NULL,NULL,PRE-WARNING
016,0203,第一區養護工程處,中壢工務段,桃園市,蘆竹區,海湖里,THB61016,0203,NULL,40.0,NULL,PRE-WARNING
016,0203,第一區養護工程處,中壢工務段,桃園市,蘆竹區,海湖里,THB61016,0203,NULL,NULL,40.0,PRE-WARNING
017,0204,第一區養護工程處,中壢工務段,桃園市,蘆竹區,海湖里,THB61017,0204,40.0,NULL,NULL,PRE-WARNING
017,0204,第一區養護工程處,中壢工務段,桃園市,蘆竹區,海湖里,THB61017,0204,NULL,40.0,NULL,PRE-WARNING
017,0204,第一區養護工程處,中壢工務段,桃園市,蘆竹區,海湖里,THB61017,0204,NULL,NULL,40.0,PRE-WARNING
018,0205,第一區養護工程處,中壢工務段,桃園市,大園區,海口里,THB61018,0205,40.0,NULL,NULL,PRE-WARNING
018,0205,第一區養護工程處,中壢工務段,桃園市,大園區,海口里,THB61018,0205,NULL,40.0,NULL,PRE-WARNING
018,0205,第一區養護工程處,中壢工務段,桃園市,大園區,海口里,THB61018,0205,NULL,NULL,40.0,PRE-WARNING
019,0206,第一區養護工程處,中壢工務段,桃園市,大園區,沙崙里,THB61019,0206,40.0,NULL,NULL,PRE-WARNING
019,0206,第一區養護工程處,中壢工務段,桃園市,大園區,沙崙里,THB61019,0206,NULL,40.0,NULL,PRE-WARNING
019,0206,第一區養護工程處,中壢工務段,桃園市,大園區,沙崙里,THB61019,0206,NULL,NULL,40.0,PRE-WARNING
020,0207,第一區養護工程處,中壢工務段,桃園市,大園區,沙崙里,THB61020,0207,40.0,NULL,NULL,PRE-WARNING
020,0207,第一區養護工程處,中壢工務段,桃園市,大園區,沙崙里,THB61020,0207,NULL,40.0,NULL,PRE-WARNING
020,0207,第一區養護工程處,中壢工務段,桃園市,大園區,沙崙里,THB61020,0207,NULL,NULL,40.0,PRE-WARNING
021,0208,第一區養護工程處,中壢工務段,桃園市,大園區,沙崙里,THB61021,0208,40.0,NULL,NULL,PRE-WARNING
021,0208,第一區養護工程處,中壢工務段,桃園市,大園區,沙崙里,THB61021,0208,NULL,40.0,NULL,PRE-WARNING
021,0208,第一區養護工程處,中壢工務段,桃園市,大園區,沙崙里,THB61021,0208,NULL,NULL,40.0,PRE-WARNING
022,0209,第一區養護工程處,中壢工務段,桃園市,大園區,沙崙里,THB61022,0209,40.0,NULL,NULL,PRE-WARNING
022,0209,第一區養護工程處,中壢工務段,桃園市,大園區,沙崙里,THB61022,0209,NULL,40.0,NULL,PRE-WARNING
022,0209,第一區養護工程處,中壢工務段,桃園市,大園區,沙崙里,THB61022,0209,NULL,NULL,40.0,PRE-WARNING
023,0210,第一區養護工程處,中壢工務段,桃園市,大園區,圳頭里,THB61023,0210,40.0,NULL,NULL,PRE-WARNING
023,0210,第一區養護工程處,中壢工務段,桃園市,大園區,圳頭里,THB61023,0210,NULL,40.0,NULL,PRE-WARNING
023,0210,第一區養護工程處,中壢工務段,桃園市,大園區,圳頭里,THB61023,0210,NULL,NULL,40.0,PRE-WARNING
024,0211,第一區養護工程處,中壢工務段,桃園市,大園區,內海里,THB61024,0211,40.0,NULL,NULL,PRE-WARNING
024,0211,第一區養護工程處,中壢工務段,桃園市,大園區,內海里,THB61024,0211,NULL,40.0,NULL,PRE-WARNING
024,0211,第一區養護工程處,中壢工務段,桃園市,大園區,內海里,THB61024,0211,NULL,NULL,40.0,PRE-WARNING
025,0212,第一區養護工程處,中壢工務段,桃園市,大園區,內海里,THB61025,0212,40.0,NULL,NULL,PRE-WARNING
025,0212,第一區養護工程處,中壢工務段,桃園市,大園區,內海里,THB61025,0212,NULL,40.0,NULL,PRE-WARNING
025,0212,第一區養護工程處,中壢工務段,桃園市,大園區,內海里,THB61025,0212,NULL,NULL,40.0,PRE-WARNING
026,0213,第一區養護工程處,中壢工務段,桃園市,大園區,北港里,THB61026,0213,40.0,NULL,NULL,PRE-WARNING
026,0213,第一區養護工程處,中壢工務段,桃園市,大園區,北港里,THB61026,0213,NULL,40.0,NULL,PRE-WARNING
026,0213,第一區養護工程處,中壢工務段,桃園市,大園區,北港里,THB61026,0213,NULL,NULL,40.0,PRE-WARNING
027,0214,第一區養護工程處,中壢工務段,桃園市,大園區,北港里,THB61027,0214,40.0,NULL,NULL,PRE-WARNING
027,0214,第一區養護工程處,中壢工務段,桃園市,大園區,北港里,THB61027,0214,NULL,40.0,NULL,PRE-WARNING
027,0214,第一區養護工程處,中壢工務段,桃園市,大園區,北港里,THB61027,0214,NULL,NULL,40.0,PRE-WARNING
028,0215,第一區養護工程處,中壢工務段,桃園市,大園區,北港里,THB61028,0215,40.0,NULL,NULL,PRE-WARNING
028,0215,第一區養護工程處,中壢工務段,桃園市,大園區,北港里,THB61028,0215,NULL,40.0,NULL,PRE-WARNING
028,0215,第一區養護工程處,中壢工務段,桃園市,大園區,北港里,THB61028,0215,NULL,NULL,40.0,PRE-WARNING
029,0216,第一區養護工程處,中壢工務段,桃園市,觀音區,保障里,THB61029,0216,40.0,NULL,NULL,PRE-WARNING
029,0216,第一區養護工程處,中壢工務段,桃園市,觀音區,保障里,THB61029,0216,NULL,40.0,NULL,PRE-WARNING
029,0216,第一區養護工程處,中壢工務段,桃園市,觀音區,保障里,THB61029,0216,NULL,NULL,40.0,PRE-WARNING
030,0217,第一區養護工程處,中壢工務段,桃園市,觀音區,草漯里,THB61030,0217,40.0,NULL,NULL,PRE-WARNING
030,0217,第一區養護工程處,中壢工務段,桃園市,觀音區,草漯里,THB61030,0217,NULL,40.0,NULL,PRE-WARNING
030,0217,第一區養護工程處,中壢工務段,桃園市,觀音區,草漯里,THB61030,0217,NULL,NULL,40.0,PRE-WARNING
031,0218,第一區養護工程處,中壢工務段,桃園市,觀音區,樹林里,THB61031,0218,40.0,NULL,NULL,PRE-WARNING
031,0218,第一區養護工程處,中壢工務段,桃園市,觀音區,樹林里,THB61031,0218,NULL,40.0,NULL,PRE-WARNING
031,0218,第一區養護工程處,中壢工務段,桃園市,觀音區,樹林里,THB61031,0218,NULL,NULL,40.0,PRE-WARNING
032,0219,第一區養護工程處,中壢工務段,桃園市,觀音區,樹林里,THB61032,0219,40.0,NULL,NULL,PRE-WARNING
032,0219,第一區養護工程處,中壢工務段,桃園市,觀音區,樹林里,THB61032,0219,NULL,40.0,NULL,PRE-WARNING
032,0219,第一區養護工程處,中壢工務段,桃園市,觀音區,樹林里,THB61032,0219,NULL,NULL,40.0,PRE-WARNING
033,0220,第一區養護工程處,中壢工務段,桃園市,觀音區,樹林里,THB61033,0220,40.0,NULL,NULL,PRE-WARNING
033,0220,第一區養護工程處,中壢工務段,桃園市,觀音區,樹林里,THB61033,0220,NULL,40.0,NULL,PRE-WARNING
033,0220,第一區養護工程處,中壢工務段,桃園市,觀音區,樹林里,THB61033,0220,NULL,NULL,40.0,PRE-WARNING
034,0221,第一區養護工程處,中壢工務段,桃園市,觀音區,白玉里,THB61034,0221,40.0,NULL,NULL,PRE-WARNING
034,0221,第一區養護工程處,中壢工務段,桃園市,觀音區,白玉里,THB61034,0221,NULL,40.0,NULL,PRE-WARNING
034,0221,第一區養護工程處,中壢工務段,桃園市,觀音區,白玉里,THB61034,0221,NULL,NULL,40.0,PRE-WARNING
035,0222,第一區養護工程處,中壢工務段,桃園市,觀音區,白玉里,THB61035,0222,40.0,NULL,NULL,PRE-WARNING
035,0222,第一區養護工程處,中壢工務段,桃園市,觀音區,白玉里,THB61035,0222,NULL,40.0,NULL,PRE-WARNING
035,0222,第一區養護工程處,中壢工務段,桃園市,觀音區,白玉里,THB61035,0222,NULL,NULL,40.0,PRE-WARNING
036,0223,第一區養護工程處,中壢工務段,桃園市,觀音區,白玉里,THB61036,0223,40.0,NULL,NULL,PRE-WARNING
036,0223,第一區養護工程處,中壢工務段,桃園市,觀音區,白玉里,THB61036,0223,NULL,40.0,NULL,PRE-WARNING
036,0223,第一區養護工程處,中壢工務段,桃園市,觀音區,白玉里,THB61036,0223,NULL,NULL,40.0,PRE-WARNING
037,0224,第一區養護工程處,中壢工務段,桃園市,觀音區,觀音里,THB61037,0224,40.0,NULL,NULL,PRE-WARNING
037,0224,第一區養護工程處,中壢工務段,桃園市,觀音區,觀音里,THB61037,0224,NULL,40.0,NULL,PRE-WARNING
037,0224,第一區養護工程處,中壢工務段,桃園市,觀音區,觀音里,THB61037,0224,NULL,NULL,40.0,PRE-WARNING
038,0225,第一區養護工程處,中壢工務段,桃園市,觀音區,大潭里,THB61038,0225,40.0,NULL,NULL,PRE-WARNING
038,0225,第一區養護工程處,中壢工務段,桃園市,觀音區,大潭里,THB61038,0225,NULL,40.0,NULL,PRE-WARNING
038,0225,第一區養護工程處,中壢工務段,桃園市,觀音區,大潭里,THB61038,0225,NULL,NULL,40.0,PRE-WARNING
039,0226,第一區養護工程處,中壢工務段,桃園市,觀音區,大潭里,THB61039,0226,40.0,NULL,NULL,PRE-WARNING
039,0226,第一區養護工程處,中壢工務段,桃園市,觀音區,大潭里,THB61039,0226,NULL,40.0,NULL,PRE-WARNING
039,0226,第一區養護工程處,中壢工務段,桃園市,觀音區,大潭里,THB61039,0226,NULL,NULL,40.0,PRE-WARNING
040,0227,第一區養護工程處,中壢工務段,桃園市,觀音區,保生里,THB61040,0227,40.0,NULL,NULL,PRE-WARNING
040,0227,第一區養護工程處,中壢工務段,桃園市,觀音區,保生里,THB61040,0227,NULL,40.0,NULL,PRE-WARNING
040,0227,第一區養護工程處,中壢工務段,桃園市,觀音區,保生里,THB61040,0227,NULL,NULL,40.0,PRE-WARNING
041,0228,第一區養護工程處,中壢工務段,桃園市,觀音區,保生里,THB61041,0228,40.0,NULL,NULL,PRE-WARNING
041,0228,第一區養護工程處,中壢工務段,桃園市,觀音區,保生里,THB61041,0228,NULL,40.0,NULL,PRE-WARNING
041,0228,第一區養護工程處,中壢工務段,桃園市,觀音區,保生里,THB61041,0228,NULL,NULL,40.0,PRE-WARNING
042,0229,第一區養護工程處,中壢工務段,桃園市,新屋區,永興里,THB61042,0229,40.0,NULL,NULL,PRE-WARNING
042,0229,第一區養護工程處,中壢工務段,桃園市,新屋區,永興里,THB61042,0229,NULL,40.0,NULL,PRE-WARNING
042,0229,第一區養護工程處,中壢工務段,桃園市,新屋區,永興里,THB61042,0229,NULL,NULL,40.0,PRE-WARNING
043,0230,第一區養護工程處,中壢工務段,桃園市,新屋區,永興里,THB61043,0230,40.0,NULL,NULL,PRE-WARNING
043,0230,第一區養護工程處,中壢工務段,桃園市,新屋區,永興里,THB61043,0230,NULL,40.0,NULL,PRE-WARNING
043,0230,第一區養護工程處,中壢工務段,桃園市,新屋區,永興里,THB61043,0230,NULL,NULL,40.0,PRE-WARNING
044,0231,第一區養護工程處,中壢工務段,桃園市,新屋區,永安里,THB61044,0231,40.0,NULL,NULL,PRE-WARNING
044,0231,第一區養護工程處,中壢工務段,桃園市,新屋區,永安里,THB61044,0231,NULL,40.0,NULL,PRE-WARNING
044,0231,第一區養護工程處,中壢工務段,桃園市,新屋區,永安里,THB61044,0231,NULL,NULL,40.0,PRE-WARNING
045,0232,第一區養護工程處,中壢工務段,桃園市,新屋區,永安里,THB61045,0232,40.0,NULL,NULL,PRE-WARNING
045,0232,第一區養護工程處,中壢工務段,桃園市,新屋區,永安里,THB61045,0232,NULL,40.0,NULL,PRE-WARNING
045,0232,第一區養護工程處,中壢工務段,桃園市,新屋區,永安里,THB61045,0232,NULL,NULL,40.0,PRE-WARNING
046,0233,第一區養護工程處,中壢工務段,桃園市,新屋區,笨港里,THB61046,0233,40.0,NULL,NULL,PRE-WARNING
046,0233,第一區養護工程處,中壢工務段,桃園市,新屋區,笨港里,THB61046,0233,NULL,40.0,NULL,PRE-WARNING
046,0233,第一區養護工程處,中壢工務段,桃園市,新屋區,笨港里,THB61046,0233,NULL,NULL,40.0,PRE-WARNING
047,0234,第一區養護工程處,中壢工務段,桃園市,新屋區,笨港里,THB61047,0234,40.0,NULL,NULL,PRE-WARNING
047,0234,第一區養護工程處,中壢工務段,桃園市,新屋區,笨港里,THB61047,0234,NULL,40.0,NULL,PRE-WARNING
047,0234,第一區養護工程處,中壢工務段,桃園市,新屋區,笨港里,THB61047,0234,NULL,NULL,40.0,PRE-WARNING
048,0235,第一區養護工程處,中壢工務段,桃園市,新屋區,深圳里,THB61048,0235,40.0,NULL,NULL,PRE-WARNING
048,0235,第一區養護工程處,中壢工務段,桃園市,新屋區,深圳里,THB61048,0235,NULL,40.0,NULL,PRE-WARNING
048,0235,第一區養護工程處,中壢工務段,桃園市,新屋區,深圳里,THB61048,0235,NULL,NULL,40.0,PRE-WARNING
049,0236,第一區養護工程處,中壢工務段,桃園市,新屋區,深圳里,THB61049,0236,40.0,NULL,NULL,PRE-WARNING
049,0236,第一區養護工程處,中壢工務段,桃園市,新屋區,深圳里,THB61049,0236,NULL,40.0,NULL,PRE-WARNING
049,0236,第一區養護工程處,中壢工務段,桃園市,新屋區,深圳里,THB61049,0236,NULL,NULL,40.0,PRE-WARNING
050,0237,第一區養護工程處,中壢工務段,桃園市,新屋區,蚵間里,THB61050,0237,40.0,NULL,NULL,PRE-WARNING
050,0237,第一區養護工程處,中壢工務段,桃園市,新屋區,蚵間里,THB61050,0237,NULL,40.0,NULL,PRE-WARNING
050,0237,第一區養護工程處,中壢工務段,桃園市,新屋區,蚵間里,THB61050,0237,NULL,NULL,40.0,PRE-WARNING
051,0238,第一區養護工程處,中壢工務段,桃園市,新屋區,蚵間里,THB61051,0238,40.0,NULL,NULL,PRE-WARNING
051,0238,第一區養護工程處,中壢工務段,桃園市,新屋區,蚵間里,THB61051,0238,NULL,40.0,NULL,PRE-WARNING
051,0238,第一區養護工程處,中壢工務段,桃園市,新屋區,蚵間里,THB61051,0238,NULL,NULL,40.0,PRE-WARNING
052,0301,第一區養護工程處,新竹工務段,新竹縣,新豐鄉,坡頭村,THB61052,0301,40.0,NULL,NULL,PRE-WARNING
052,0301,第一區養護工程處,新竹工務段,新竹縣,新豐鄉,坡頭村,THB61052,0301,NULL,40.0,NULL,PRE-WARNING
052,0301,第一區養護工程處,新竹工務段,新竹縣,新豐鄉,坡頭村,THB61052,0301,NULL,NULL,40.0,PRE-WARNING
053,0302,第一區養護工程處,新竹工務段,新竹縣,新豐鄉,坡頭村,THB61053,0302,40.0,NULL,NULL,PRE-WARNING
053,0302,第一區養護工程處,新竹工務段,新竹縣,新豐鄉,坡頭村,THB61053,0302,NULL,40.0,NULL,PRE-WARNING
053,0302,第一區養護工程處,新竹工務段,新竹縣,新豐鄉,坡頭村,THB61053,0302,NULL,NULL,40.0,PRE-WARNING
054,0303,第一區養護工程處,新竹工務段,新竹縣,新豐鄉,坡頭村,THB61054,0303,40.0,NULL,NULL,PRE-WARNING
054,0303,第一區養護工程處,新竹工務段,新竹縣,新豐鄉,坡頭村,THB61054,0303,NULL,40.0,NULL,PRE-WARNING
054,0303,第一區養護工程處,新竹工務段,新竹縣,新豐鄉,坡頭村,THB61054,0303,NULL,NULL,40.0,PRE-WARNING
055,0304,第一區養護工程處,新竹工務段,新竹縣,新豐鄉,新豐村,THB61055,0304,40.0,NULL,NULL,PRE-WARNING
055,0304,第一區養護工程處,新竹工務段,新竹縣,新豐鄉,新豐村,THB61055,0304,NULL,40.0,NULL,PRE-WARNING
055,0304,第一區養護工程處,新竹工務段,新竹縣,新豐鄉,新豐村,THB61055,0304,NULL,NULL,40.0,PRE-WARNING
056,0305,第一區養護工程處,新竹工務段,新竹縣,新豐鄉,新豐村,THB61056,0305,40.0,NULL,NULL,PRE-WARNING
056,0305,第一區養護工程處,新竹工務段,新竹縣,新豐鄉,新豐村,THB61056,0305,NULL,40.0,NULL,PRE-WARNING
056,0305,第一區養護工程處,新竹工務段,新竹縣,新豐鄉,新豐村,THB61056,0305,NULL,NULL,40.0,PRE-WARNING
057,0306,第一區養護工程處,新竹工務段,新竹縣,新豐鄉,鳳坑村,THB61057,0306,40.0,NULL,NULL,PRE-WARNING
057,0306,第一區養護工程處,新竹工務段,新竹縣,新豐鄉,鳳坑村,THB61057,0306,NULL,40.0,NULL,PRE-WARNING
057,0306,第一區養護工程處,新竹工務段,新竹縣,新豐鄉,鳳坑村,THB61057,0306,NULL,NULL,40.0,PRE-WARNING
058,0307,第一區養護工程處,新竹工務段,新竹縣,新豐鄉,鳳坑村,THB61058,0307,40.0,NULL,NULL,PRE-WARNING
058,0307,第一區養護工程處,新竹工務段,新竹縣,新豐鄉,鳳坑村,THB61058,0307,NULL,40.0,NULL,PRE-WARNING
058,0307,第一區養護工程處,新竹工務段,新竹縣,新豐鄉,鳳坑村,THB61058,0307,NULL,NULL,40.0,PRE-WARNING
059,0308,第一區養護工程處,新竹工務段,新竹縣,新豐鄉,鳳坑村,THB61059,0308,40.0,NULL,NULL,PRE-WARNING
059,0308,第一區養護工程處,新竹工務段,新竹縣,新豐鄉,鳳坑村,THB61059,0308,NULL,40.0,NULL,PRE-WARNING
059,0308,第一區養護工程處,新竹工務段,新竹縣,新豐鄉,鳳坑村,THB61059,0308,NULL,NULL,40.0,PRE-WARNING
060,0309,第一區養護工程處,新竹工務段,新竹縣,新豐鄉,鳳坑村,THB61060,0309,40.0,NULL,NULL,PRE-WARNING
060,0309,第一區養護工程處,新竹工務段,新竹縣,新豐鄉,鳳坑村,THB61060,0309,NULL,40.0,NULL,PRE-WARNING
060,0309,第一區養護工程處,新竹工務段,新竹縣,新豐鄉,鳳坑村,THB61060,0309,NULL,NULL,40.0,PRE-WARNING
061,0310,第一區養護工程處,新竹工務段,新竹縣,竹北市,尚義里,THB61061,0310,40.0,NULL,NULL,PRE-WARNING
061,0310,第一區養護工程處,新竹工務段,新竹縣,竹北市,尚義里,THB61061,0310,NULL,40.0,NULL,PRE-WARNING
061,0310,第一區養護工程處,新竹工務段,新竹縣,竹北市,尚義里,THB61061,0310,NULL,NULL,40.0,PRE-WARNING
062,0311,第一區養護工程處,新竹工務段,新竹縣,竹北市,崇義里,THB61062,0311,40.0,NULL,NULL,PRE-WARNING
062,0311,第一區養護工程處,新竹工務段,新竹縣,竹北市,崇義里,THB61062,0311,NULL,40.0,NULL,PRE-WARNING
062,0311,第一區養護工程處,新竹工務段,新竹縣,竹北市,崇義里,THB61062,0311,NULL,NULL,40.0,PRE-WARNING
063,0312,第一區養護工程處,新竹工務段,新竹縣,竹北市,新港里,THB61063,0312,40.0,NULL,NULL,PRE-WARNING
063,0312,第一區養護工程處,新竹工務段,新竹縣,竹北市,新港里,THB61063,0312,NULL,40.0,NULL,PRE-WARNING
063,0312,第一區養護工程處,新竹工務段,新竹縣,竹北市,新港里,THB61063,0312,NULL,NULL,40.0,PRE-WARNING
064,0313,第一區養護工程處,新竹工務段,新竹縣,竹北市,新港里,THB61064,0313,40.0,NULL,NULL,PRE-WARNING
064,0313,第一區養護工程處,新竹工務段,新竹縣,竹北市,新港里,THB61064,0313,NULL,40.0,NULL,PRE-WARNING
064,0313,第一區養護工程處,新竹工務段,新竹縣,竹北市,新港里,THB61064,0313,NULL,NULL,40.0,PRE-WARNING
065,0314,第一區養護工程處,新竹工務段,新竹市,北區,南寮里,THB61065,0314,40.0,NULL,NULL,PRE-WARNING
065,0314,第一區養護工程處,新竹工務段,新竹市,北區,南寮里,THB61065,0314,NULL,40.0,NULL,PRE-WARNING
065,0314,第一區養護工程處,新竹工務段,新竹市,北區,南寮里,THB61065,0314,NULL,NULL,40.0,PRE-WARNING
066,0315,第一區養護工程處,新竹工務段,新竹市,北區,海濱里,THB61066,0315,40.0,NULL,NULL,PRE-WARNING
066,0315,第一區養護工程處,新竹工務段,新竹市,北區,海濱里,THB61066,0315,NULL,40.0,NULL,PRE-WARNING
066,0315,第一區養護工程處,新竹工務段,新竹市,北區,海濱里,THB61066,0315,NULL,NULL,40.0,PRE-WARNING
067,0316,第一區養護工程處,新竹工務段,新竹市,北區,港北里,THB61067,0316,40.0,NULL,NULL,PRE-WARNING
067,0316,第一區養護工程處,新竹工務段,新竹市,北區,港北里,THB61067,0316,NULL,40.0,NULL,PRE-WARNING
067,0316,第一區養護工程處,新竹工務段,新竹市,北區,港北里,THB61067,0316,NULL,NULL,40.0,PRE-WARNING
068,0317,第一區養護工程處,新竹工務段,新竹市,香山區,港南里,THB61068,0317,40.0,NULL,NULL,PRE-WARNING
068,0317,第一區養護工程處,新竹工務段,新竹市,香山區,港南里,THB61068,0317,NULL,40.0,NULL,PRE-WARNING
068,0317,第一區養護工程處,新竹工務段,新竹市,香山區,港南里,THB61068,0317,NULL,NULL,40.0,PRE-WARNING
069,0318,第一區養護工程處,新竹工務段,新竹市,香山區,虎山里,THB61069,0318,40.0,NULL,NULL,PRE-WARNING
069,0318,第一區養護工程處,新竹工務段,新竹市,香山區,虎山里,THB61069,0318,NULL,40.0,NULL,PRE-WARNING
069,0318,第一區養護工程處,新竹工務段,新竹市,香山區,虎山里,THB61069,0318,NULL,NULL,40.0,PRE-WARNING
070,0319,第一區養護工程處,新竹工務段,新竹市,香山區,大庄里,THB61070,0319,40.0,NULL,NULL,PRE-WARNING
070,0319,第一區養護工程處,新竹工務段,新竹市,香山區,大庄里,THB61070,0319,NULL,40.0,NULL,PRE-WARNING
070,0319,第一區養護工程處,新竹工務段,新竹市,香山區,大庄里,THB61070,0319,NULL,NULL,40.0,PRE-WARNING
071,0320,第一區養護工程處,新竹工務段,新竹市,香山區,大庄里,THB61071,0320,40.0,NULL,NULL,PRE-WARNING
071,0320,第一區養護工程處,新竹工務段,新竹市,香山區,大庄里,THB61071,0320,NULL,40.0,NULL,PRE-WARNING
071,0320,第一區養護工程處,新竹工務段,新竹市,香山區,大庄里,THB61071,0320,NULL,NULL,40.0,PRE-WARNING
072,0321,第一區養護工程處,新竹工務段,新竹市,香山區,美山里,THB61072,0321,40.0,NULL,NULL,PRE-WARNING
072,0321,第一區養護工程處,新竹工務段,新竹市,香山區,美山里,THB61072,0321,NULL,40.0,NULL,PRE-WARNING
072,0321,第一區養護工程處,新竹工務段,新竹市,香山區,美山里,THB61072,0321,NULL,NULL,40.0,PRE-WARNING
073,0322,第一區養護工程處,新竹工務段,新竹市,香山區,朝山里,THB61073,0322,40.0,NULL,NULL,PRE-WARNING
073,0322,第一區養護工程處,新竹工務段,新竹市,香山區,朝山里,THB61073,0322,NULL,40.0,NULL,PRE-WARNING
073,0322,第一區養護工程處,新竹工務段,新竹市,香山區,朝山里,THB61073,0322,NULL,NULL,40.0,PRE-WARNING
074,0323,第一區養護工程處,新竹工務段,新竹市,香山區,朝山里,THB61074,0323,40.0,NULL,NULL,PRE-WARNING
074,0323,第一區養護工程處,新竹工務段,新竹市,香山區,朝山里,THB61074,0323,NULL,40.0,NULL,PRE-WARNING
074,0323,第一區養護工程處,新竹工務段,新竹市,香山區,朝山里,THB61074,0323,NULL,NULL,40.0,PRE-WARNING
075,0324,第一區養護工程處,新竹工務段,新竹市,香山區,海山里,THB61075,0324,40.0,NULL,NULL,PRE-WARNING
075,0324,第一區養護工程處,新竹工務段,新竹市,香山區,海山里,THB61075,0324,NULL,40.0,NULL,PRE-WARNING
075,0324,第一區養護工程處,新竹工務段,新竹市,香山區,海山里,THB61075,0324,NULL,NULL,40.0,PRE-WARNING
076,0325,第一區養護工程處,新竹工務段,新竹市,香山區,鹽水里,THB61076,0325,40.0,NULL,NULL,PRE-WARNING
076,0325,第一區養護工程處,新竹工務段,新竹市,香山區,鹽水里,THB61076,0325,NULL,40.0,NULL,PRE-WARNING
076,0325,第一區養護工程處,新竹工務段,新竹市,香山區,鹽水里,THB61076,0325,NULL,NULL,40.0,PRE-WARNING
077,0326,第一區養護工程處,新竹工務段,新竹市,香山區,南港里,THB61077,0326,40.0,NULL,NULL,PRE-WARNING
077,0326,第一區養護工程處,新竹工務段,新竹市,香山區,南港里,THB61077,0326,NULL,40.0,NULL,PRE-WARNING
077,0326,第一區養護工程處,新竹工務段,新竹市,香山區,南港里,THB61077,0326,NULL,NULL,40.0,PRE-WARNING
078,0327,第一區養護工程處,新竹工務段,新竹市,香山區,南港里,THB61078,0327,40.0,NULL,NULL,PRE-WARNING
078,0327,第一區養護工程處,新竹工務段,新竹市,香山區,南港里,THB61078,0327,NULL,40.0,NULL,PRE-WARNING
078,0327,第一區養護工程處,新竹工務段,新竹市,香山區,南港里,THB61078,0327,NULL,NULL,40.0,PRE-WARNING
079,0401,第二區養護工程處,苗栗工務段,苗栗縣,竹南鎮,崎頂里,THB61079,0401,40.0,NULL,NULL,PRE-WARNING
079,0401,第二區養護工程處,苗栗工務段,苗栗縣,竹南鎮,崎頂里,THB61079,0401,NULL,40.0,NULL,PRE-WARNING
079,0401,第二區養護工程處,苗栗工務段,苗栗縣,竹南鎮,崎頂里,THB61079,0401,NULL,NULL,40.0,PRE-WARNING
080,0402,第二區養護工程處,苗栗工務段,苗栗縣,竹南鎮,崎頂里,THB61080,0402,40.0,NULL,NULL,PRE-WARNING
080,0402,第二區養護工程處,苗栗工務段,苗栗縣,竹南鎮,崎頂里,THB61080,0402,NULL,40.0,NULL,PRE-WARNING
080,0402,第二區養護工程處,苗栗工務段,苗栗縣,竹南鎮,崎頂里,THB61080,0402,NULL,NULL,40.0,PRE-WARNING
081,0403,第二區養護工程處,苗栗工務段,苗栗縣,竹南鎮,崎頂里,THB61081,0403,40.0,NULL,NULL,PRE-WARNING
081,0403,第二區養護工程處,苗栗工務段,苗栗縣,竹南鎮,崎頂里,THB61081,0403,NULL,40.0,NULL,PRE-WARNING
081,0403,第二區養護工程處,苗栗工務段,苗栗縣,竹南鎮,崎頂里,THB61081,0403,NULL,NULL,40.0,PRE-WARNING
082,0404,第二區養護工程處,苗栗工務段,苗栗縣,竹南鎮,崎頂里,THB61082,0404,40.0,NULL,NULL,PRE-WARNING
082,0404,第二區養護工程處,苗栗工務段,苗栗縣,竹南鎮,崎頂里,THB61082,0404,NULL,40.0,NULL,PRE-WARNING
082,0404,第二區養護工程處,苗栗工務段,苗栗縣,竹南鎮,崎頂里,THB61082,0404,NULL,NULL,40.0,PRE-WARNING
083,0405,第二區養護工程處,苗栗工務段,苗栗縣,竹南鎮,天文里,THB61083,0405,40.0,NULL,NULL,PRE-WARNING
083,0405,第二區養護工程處,苗栗工務段,苗栗縣,竹南鎮,天文里,THB61083,0405,NULL,40.0,NULL,PRE-WARNING
083,0405,第二區養護工程處,苗栗工務段,苗栗縣,竹南鎮,天文里,THB61083,0405,NULL,NULL,40.0,PRE-WARNING
084,0406,第二區養護工程處,苗栗工務段,苗栗縣,竹南鎮,竹興里,THB61084,0406,40.0,NULL,NULL,PRE-WARNING
084,0406,第二區養護工程處,苗栗工務段,苗栗縣,竹南鎮,竹興里,THB61084,0406,NULL,40.0,NULL,PRE-WARNING
084,0406,第二區養護工程處,苗栗工務段,苗栗縣,竹南鎮,竹興里,THB61084,0406,NULL,NULL,40.0,PRE-WARNING
085,0407,第二區養護工程處,苗栗工務段,苗栗縣,竹南鎮,中美里,THB61085,0407,40.0,NULL,NULL,PRE-WARNING
085,0407,第二區養護工程處,苗栗工務段,苗栗縣,竹南鎮,中美里,THB61085,0407,NULL,40.0,NULL,PRE-WARNING
085,0407,第二區養護工程處,苗栗工務段,苗栗縣,竹南鎮,中美里,THB61085,0407,NULL,NULL,40.0,PRE-WARNING
086,0408,第二區養護工程處,苗栗工務段,苗栗縣,竹南鎮,海口里,THB61086,0408,40.0,NULL,NULL,PRE-WARNING
086,0408,第二區養護工程處,苗栗工務段,苗栗縣,竹南鎮,海口里,THB61086,0408,NULL,40.0,NULL,PRE-WARNING
086,0408,第二區養護工程處,苗栗工務段,苗栗縣,竹南鎮,海口里,THB61086,0408,NULL,NULL,40.0,PRE-WARNING
087,0409,第二區養護工程處,苗栗工務段,苗栗縣,竹南鎮,港墘里,THB61087,0409,40.0,NULL,NULL,PRE-WARNING
087,0409,第二區養護工程處,苗栗工務段,苗栗縣,竹南鎮,港墘里,THB61087,0409,NULL,40.0,NULL,PRE-WARNING
087,0409,第二區養護工程處,苗栗工務段,苗栗縣,竹南鎮,港墘里,THB61087,0409,NULL,NULL,40.0,PRE-WARNING
088,0410,第二區養護工程處,苗栗工務段,苗栗縣,後龍鎮,海寶里,THB61088,0410,40.0,NULL,NULL,PRE-WARNING
088,0410,第二區養護工程處,苗栗工務段,苗栗縣,後龍鎮,海寶里,THB61088,0410,NULL,40.0,NULL,PRE-WARNING
088,0410,第二區養護工程處,苗栗工務段,苗栗縣,後龍鎮,海寶里,THB61088,0410,NULL,NULL,40.0,PRE-WARNING
089,0411,第二區養護工程處,苗栗工務段,苗栗縣,後龍鎮,海寶里,THB61089,0411,40.0,NULL,NULL,PRE-WARNING
089,0411,第二區養護工程處,苗栗工務段,苗栗縣,後龍鎮,海寶里,THB61089,0411,NULL,40.0,NULL,PRE-WARNING
089,0411,第二區養護工程處,苗栗工務段,苗栗縣,後龍鎮,海寶里,THB61089,0411,NULL,NULL,40.0,PRE-WARNING
090,0412,第二區養護工程處,苗栗工務段,苗栗縣,後龍鎮,海寶里,THB61090,0412,40.0,NULL,NULL,PRE-WARNING
090,0412,第二區養護工程處,苗栗工務段,苗栗縣,後龍鎮,海寶里,THB61090,0412,NULL,40.0,NULL,PRE-WARNING
090,0412,第二區養護工程處,苗栗工務段,苗栗縣,後龍鎮,海寶里,THB61090,0412,NULL,NULL,40.0,PRE-WARNING
091,0413,第二區養護工程處,苗栗工務段,苗栗縣,後龍鎮,大山里,THB61091,0413,40.0,NULL,NULL,PRE-WARNING
091,0413,第二區養護工程處,苗栗工務段,苗栗縣,後龍鎮,大山里,THB61091,0413,NULL,40.0,NULL,PRE-WARNING
091,0413,第二區養護工程處,苗栗工務段,苗栗縣,後龍鎮,大山里,THB61091,0413,NULL,NULL,40.0,PRE-WARNING
092,0414,第二區養護工程處,苗栗工務段,苗栗縣,後龍鎮,大山里,THB61092,0414,40.0,NULL,NULL,PRE-WARNING
092,0414,第二區養護工程處,苗栗工務段,苗栗縣,後龍鎮,大山里,THB61092,0414,NULL,40.0,NULL,PRE-WARNING
092,0414,第二區養護工程處,苗栗工務段,苗栗縣,後龍鎮,大山里,THB61092,0414,NULL,NULL,40.0,PRE-WARNING
093,0415,第二區養護工程處,苗栗工務段,苗栗縣,後龍鎮,大山里,THB61093,0415,40.0,NULL,NULL,PRE-WARNING
093,0415,第二區養護工程處,苗栗工務段,苗栗縣,後龍鎮,大山里,THB61093,0415,NULL,40.0,NULL,PRE-WARNING
093,0415,第二區養護工程處,苗栗工務段,苗栗縣,後龍鎮,大山里,THB61093,0415,NULL,NULL,40.0,PRE-WARNING
094,0416,第二區養護工程處,苗栗工務段,苗栗縣,後龍鎮,海埔里,THB61094,0416,40.0,NULL,NULL,PRE-WARNING
094,0416,第二區養護工程處,苗栗工務段,苗栗縣,後龍鎮,海埔里,THB61094,0416,NULL,40.0,NULL,PRE-WARNING
094,0416,第二區養護工程處,苗栗工務段,苗栗縣,後龍鎮,海埔里,THB61094,0416,NULL,NULL,40.0,PRE-WARNING
095,0417,第二區養護工程處,苗栗工務段,苗栗縣,後龍鎮,溪洲里,THB61095,0417,40.0,NULL,NULL,PRE-WARNING
095,0417,第二區養護工程處,苗栗工務段,苗栗縣,後龍鎮,溪洲里,THB61095,0417,NULL,40.0,NULL,PRE-WARNING
095,0417,第二區養護工程處,苗栗工務段,苗栗縣,後龍鎮,溪洲里,THB61095,0417,NULL,NULL,40.0,PRE-WARNING
096,0418,第二區養護工程處,苗栗工務段,苗栗縣,後龍鎮,溪洲里,THB61096,0418,40.0,NULL,NULL,PRE-WARNING
096,0418,第二區養護工程處,苗栗工務段,苗栗縣,後龍鎮,溪洲里,THB61096,0418,NULL,40.0,NULL,PRE-WARNING
096,0418,第二區養護工程處,苗栗工務段,苗栗縣,後龍鎮,溪洲里,THB61096,0418,NULL,NULL,40.0,PRE-WARNING
097,0419,第二區養護工程處,苗栗工務段,苗栗縣,後龍鎮,溪洲里,THB61097,0419,40.0,NULL,NULL,PRE-WARNING
097,0419,第二區養護工程處,苗栗工務段,苗栗縣,後龍鎮,溪洲里,THB61097,0419,NULL,40.0,NULL,PRE-WARNING
097,0419,第二區養護工程處,苗栗工務段,苗栗縣,後龍鎮,溪洲里,THB61097,0419,NULL,NULL,40.0,PRE-WARNING
098,0420,第二區養護工程處,苗栗工務段,苗栗縣,後龍鎮,龍津里,THB61098,0420,40.0,NULL,NULL,PRE-WARNING
098,0420,第二區養護工程處,苗栗工務段,苗栗縣,後龍鎮,龍津里,THB61098,0420,NULL,40.0,NULL,PRE-WARNING
098,0420,第二區養護工程處,苗栗工務段,苗栗縣,後龍鎮,龍津里,THB61098,0420,NULL,NULL,40.0,PRE-WARNING
099,0421,第二區養護工程處,苗栗工務段,苗栗縣,後龍鎮,福寧里,THB61099,0421,40.0,NULL,NULL,PRE-WARNING
099,0421,第二區養護工程處,苗栗工務段,苗栗縣,後龍鎮,福寧里,THB61099,0421,NULL,40.0,NULL,PRE-WARNING
099,0421,第二區養護工程處,苗栗工務段,苗栗縣,後龍鎮,福寧里,THB61099,0421,NULL,NULL,40.0,PRE-WARNING
100,0422,第二區養護工程處,苗栗工務段,苗栗縣,後龍鎮,中和里,THB61100,0422,40.0,NULL,NULL,PRE-WARNING
100,0422,第二區養護工程處,苗栗工務段,苗栗縣,後龍鎮,中和里,THB61100,0422,NULL,40.0,NULL,PRE-WARNING
100,0422,第二區養護工程處,苗栗工務段,苗栗縣,後龍鎮,中和里,THB61100,0422,NULL,NULL,40.0,PRE-WARNING
101,0423,第二區養護工程處,苗栗工務段,苗栗縣,後龍鎮,中和里,THB61101,0423,40.0,NULL,NULL,PRE-WARNING
101,0423,第二區養護工程處,苗栗工務段,苗栗縣,後龍鎮,中和里,THB61101,0423,NULL,40.0,NULL,PRE-WARNING
101,0423,第二區養護工程處,苗栗工務段,苗栗縣,後龍鎮,中和里,THB61101,0423,NULL,NULL,40.0,PRE-WARNING
102,0424,第二區養護工程處,苗栗工務段,苗栗縣,後龍鎮,中和里,THB61102,0424,40.0,NULL,NULL,PRE-WARNING
102,0424,第二區養護工程處,苗栗工務段,苗栗縣,後龍鎮,中和里,THB61102,0424,NULL,40.0,NULL,PRE-WARNING
102,0424,第二區養護工程處,苗栗工務段,苗栗縣,後龍鎮,中和里,THB61102,0424,NULL,NULL,40.0,PRE-WARNING
103,0425,第二區養護工程處,苗栗工務段,苗栗縣,後龍鎮,南港里,THB61103,0425,40.0,NULL,NULL,PRE-WARNING
103,0425,第二區養護工程處,苗栗工務段,苗栗縣,後龍鎮,南港里,THB61103,0425,NULL,40.0,NULL,PRE-WARNING
103,0425,第二區養護工程處,苗栗工務段,苗栗縣,後龍鎮,南港里,THB61103,0425,NULL,NULL,40.0,PRE-WARNING
104,0426,第二區養護工程處,苗栗工務段,苗栗縣,後龍鎮,南港里,THB61104,0426,40.0,NULL,NULL,PRE-WARNING
104,0426,第二區養護工程處,苗栗工務段,苗栗縣,後龍鎮,南港里,THB61104,0426,NULL,40.0,NULL,PRE-WARNING
104,0426,第二區養護工程處,苗栗工務段,苗栗縣,後龍鎮,南港里,THB61104,0426,NULL,NULL,40.0,PRE-WARNING
105,0427,第二區養護工程處,苗栗工務段,苗栗縣,通霄鎮,白東里,THB61105,0427,40.0,NULL,NULL,PRE-WARNING
105,0427,第二區養護工程處,苗栗工務段,苗栗縣,通霄鎮,白東里,THB61105,0427,NULL,40.0,NULL,PRE-WARNING
105,0427,第二區養護工程處,苗栗工務段,苗栗縣,通霄鎮,白東里,THB61105,0427,NULL,NULL,40.0,PRE-WARNING
106,0428,第二區養護工程處,苗栗工務段,苗栗縣,通霄鎮,內島里,THB61106,0428,40.0,NULL,NULL,PRE-WARNING
106,0428,第二區養護工程處,苗栗工務段,苗栗縣,通霄鎮,內島里,THB61106,0428,NULL,40.0,NULL,PRE-WARNING
106,0428,第二區養護工程處,苗栗工務段,苗栗縣,通霄鎮,內島里,THB61106,0428,NULL,NULL,40.0,PRE-WARNING
107,0429,第二區養護工程處,苗栗工務段,苗栗縣,通霄鎮,新埔里,THB61107,0429,40.0,NULL,NULL,PRE-WARNING
107,0429,第二區養護工程處,苗栗工務段,苗栗縣,通霄鎮,新埔里,THB61107,0429,NULL,40.0,NULL,PRE-WARNING
107,0429,第二區養護工程處,苗栗工務段,苗栗縣,通霄鎮,新埔里,THB61107,0429,NULL,NULL,40.0,PRE-WARNING
108,0430,第二區養護工程處,苗栗工務段,苗栗縣,通霄鎮,新埔里,THB61108,0430,40.0,NULL,NULL,PRE-WARNING
108,0430,第二區養護工程處,苗栗工務段,苗栗縣,通霄鎮,新埔里,THB61108,0430,NULL,40.0,NULL,PRE-WARNING
108,0430,第二區養護工程處,苗栗工務段,苗栗縣,通霄鎮,新埔里,THB61108,0430,NULL,NULL,40.0,PRE-WARNING
109,0431,第二區養護工程處,苗栗工務段,苗栗縣,通霄鎮,新埔里,THB61109,0431,40.0,NULL,NULL,PRE-WARNING
109,0431,第二區養護工程處,苗栗工務段,苗栗縣,通霄鎮,新埔里,THB61109,0431,NULL,40.0,NULL,PRE-WARNING
109,0431,第二區養護工程處,苗栗工務段,苗栗縣,通霄鎮,新埔里,THB61109,0431,NULL,NULL,40.0,PRE-WARNING
110,0432,第二區養護工程處,苗栗工務段,苗栗縣,通霄鎮,通灣里,THB61110,0432,40.0,NULL,NULL,PRE-WARNING
110,0432,第二區養護工程處,苗栗工務段,苗栗縣,通霄鎮,通灣里,THB61110,0432,NULL,40.0,NULL,PRE-WARNING
110,0432,第二區養護工程處,苗栗工務段,苗栗縣,通霄鎮,通灣里,THB61110,0432,NULL,NULL,40.0,PRE-WARNING
111,0433,第二區養護工程處,苗栗工務段,苗栗縣,通霄鎮,通灣里,THB61111,0433,40.0,NULL,NULL,PRE-WARNING
111,0433,第二區養護工程處,苗栗工務段,苗栗縣,通霄鎮,通灣里,THB61111,0433,NULL,40.0,NULL,PRE-WARNING
111,0433,第二區養護工程處,苗栗工務段,苗栗縣,通霄鎮,通灣里,THB61111,0433,NULL,NULL,40.0,PRE-WARNING
112,0434,第二區養護工程處,苗栗工務段,苗栗縣,通霄鎮,通灣里,THB61112,0434,40.0,NULL,NULL,PRE-WARNING
112,0434,第二區養護工程處,苗栗工務段,苗栗縣,通霄鎮,通灣里,THB61112,0434,NULL,40.0,NULL,PRE-WARNING
112,0434,第二區養護工程處,苗栗工務段,苗栗縣,通霄鎮,通灣里,THB61112,0434,NULL,NULL,40.0,PRE-WARNING
113,0435,第二區養護工程處,苗栗工務段,苗栗縣,通霄鎮,通灣里,THB61113,0435,40.0,NULL,NULL,PRE-WARNING
113,0435,第二區養護工程處,苗栗工務段,苗栗縣,通霄鎮,通灣里,THB61113,0435,NULL,40.0,NULL,PRE-WARNING
113,0435,第二區養護工程處,苗栗工務段,苗栗縣,通霄鎮,通灣里,THB61113,0435,NULL,NULL,40.0,PRE-WARNING
114,0436,第二區養護工程處,苗栗工務段,苗栗縣,通霄鎮,通灣里,THB61114,0436,40.0,NULL,NULL,PRE-WARNING
114,0436,第二區養護工程處,苗栗工務段,苗栗縣,通霄鎮,通灣里,THB61114,0436,NULL,40.0,NULL,PRE-WARNING
114,0436,第二區養護工程處,苗栗工務段,苗栗縣,通霄鎮,通灣里,THB61114,0436,NULL,NULL,40.0,PRE-WARNING
115,0437,第二區養護工程處,苗栗工務段,苗栗縣,通霄鎮,通西里,THB61115,0437,40.0,NULL,NULL,PRE-WARNING
115,0437,第二區養護工程處,苗栗工務段,苗栗縣,通霄鎮,通西里,THB61115,0437,NULL,40.0,NULL,PRE-WARNING
115,0437,第二區養護工程處,苗栗工務段,苗栗縣,通霄鎮,通西里,THB61115,0437,NULL,NULL,40.0,PRE-WARNING
116,0438,第二區養護工程處,苗栗工務段,苗栗縣,通霄鎮,通南里,THB61116,0438,40.0,NULL,NULL,PRE-WARNING
116,0438,第二區養護工程處,苗栗工務段,苗栗縣,通霄鎮,通南里,THB61116,0438,NULL,40.0,NULL,PRE-WARNING
116,0438,第二區養護工程處,苗栗工務段,苗栗縣,通霄鎮,通南里,THB61116,0438,NULL,NULL,40.0,PRE-WARNING
117,0439,第二區養護工程處,苗栗工務段,苗栗縣,通霄鎮,五北里,THB61117,0439,40.0,NULL,NULL,PRE-WARNING
117,0439,第二區養護工程處,苗栗工務段,苗栗縣,通霄鎮,五北里,THB61117,0439,NULL,40.0,NULL,PRE-WARNING
117,0439,第二區養護工程處,苗栗工務段,苗栗縣,通霄鎮,五北里,THB61117,0439,NULL,NULL,40.0,PRE-WARNING
118,0440,第二區養護工程處,苗栗工務段,苗栗縣,通霄鎮,五南里,THB61118,0440,40.0,NULL,NULL,PRE-WARNING
118,0440,第二區養護工程處,苗栗工務段,苗栗縣,通霄鎮,五南里,THB61118,0440,NULL,40.0,NULL,PRE-WARNING
118,0440,第二區養護工程處,苗栗工務段,苗栗縣,通霄鎮,五南里,THB61118,0440,NULL,NULL,40.0,PRE-WARNING
119,0441,第二區養護工程處,苗栗工務段,苗栗縣,苑裡鎮,苑港里,THB61119,0441,40.0,NULL,NULL,PRE-WARNING
119,0441,第二區養護工程處,苗栗工務段,苗栗縣,苑裡鎮,苑港里,THB61119,0441,NULL,40.0,NULL,PRE-WARNING
119,0441,第二區養護工程處,苗栗工務段,苗栗縣,苑裡鎮,苑港里,THB61119,0441,NULL,NULL,40.0,PRE-WARNING
120,0442,第二區養護工程處,苗栗工務段,苗栗縣,苑裡鎮,西平里,THB61120,0442,40.0,NULL,NULL,PRE-WARNING
120,0442,第二區養護工程處,苗栗工務段,苗栗縣,苑裡鎮,西平里,THB61120,0442,NULL,40.0,NULL,PRE-WARNING
120,0442,第二區養護工程處,苗栗工務段,苗栗縣,苑裡鎮,西平里,THB61120,0442,NULL,NULL,40.0,PRE-WARNING
121,0443,第二區養護工程處,苗栗工務段,苗栗縣,苑裡鎮,西平里,THB61121,0443,40.0,NULL,NULL,PRE-WARNING
121,0443,第二區養護工程處,苗栗工務段,苗栗縣,苑裡鎮,西平里,THB61121,0443,NULL,40.0,NULL,PRE-WARNING
121,0443,第二區養護工程處,苗栗工務段,苗栗縣,苑裡鎮,西平里,THB61121,0443,NULL,NULL,40.0,PRE-WARNING
122,0444,第二區養護工程處,苗栗工務段,苗栗縣,苑裡鎮,房裡里,THB61122,0444,40.0,NULL,NULL,PRE-WARNING
122,0444,第二區養護工程處,苗栗工務段,苗栗縣,苑裡鎮,房裡里,THB61122,0444,NULL,40.0,NULL,PRE-WARNING
122,0444,第二區養護工程處,苗栗工務段,苗栗縣,苑裡鎮,房裡里,THB61122,0444,NULL,NULL,40.0,PRE-WARNING
123,0501,第二區養護工程處,臺中工務段,臺中市,大甲區,福德里,THB61123,0501,40.0,NULL,NULL,PRE-WARNING
123,0501,第二區養護工程處,臺中工務段,臺中市,大甲區,福德里,THB61123,0501,NULL,40.0,NULL,PRE-WARNING
123,0501,第二區養護工程處,臺中工務段,臺中市,大甲區,福德里,THB61123,0501,NULL,NULL,40.0,PRE-WARNING
124,0502,第二區養護工程處,臺中工務段,臺中市,大甲區,西岐里,THB61124,0502,40.0,NULL,NULL,PRE-WARNING
124,0502,第二區養護工程處,臺中工務段,臺中市,大甲區,西岐里,THB61124,0502,NULL,40.0,NULL,PRE-WARNING
124,0502,第二區養護工程處,臺中工務段,臺中市,大甲區,西岐里,THB61124,0502,NULL,NULL,40.0,PRE-WARNING
125,0503,第二區養護工程處,臺中工務段,臺中市,大甲區,西岐里,THB61125,0503,40.0,NULL,NULL,PRE-WARNING
125,0503,第二區養護工程處,臺中工務段,臺中市,大甲區,西岐里,THB61125,0503,NULL,40.0,NULL,PRE-WARNING
125,0503,第二區養護工程處,臺中工務段,臺中市,大甲區,西岐里,THB61125,0503,NULL,NULL,40.0,PRE-WARNING
126,0504,第二區養護工程處,臺中工務段,臺中市,大甲區,建興里,THB61126,0504,40.0,NULL,NULL,PRE-WARNING
126,0504,第二區養護工程處,臺中工務段,臺中市,大甲區,建興里,THB61126,0504,NULL,40.0,NULL,PRE-WARNING
126,0504,第二區養護工程處,臺中工務段,臺中市,大甲區,建興里,THB61126,0504,NULL,NULL,40.0,PRE-WARNING
127,0505,第二區養護工程處,臺中工務段,臺中市,大甲區,建興里,THB61127,0505,40.0,NULL,NULL,PRE-WARNING
127,0505,第二區養護工程處,臺中工務段,臺中市,大甲區,建興里,THB61127,0505,NULL,40.0,NULL,PRE-WARNING
127,0505,第二區養護工程處,臺中工務段,臺中市,大甲區,建興里,THB61127,0505,NULL,NULL,40.0,PRE-WARNING
128,0506,第二區養護工程處,臺中工務段,臺中市,大安區,頂安里,THB61128,0506,40.0,NULL,NULL,PRE-WARNING
128,0506,第二區養護工程處,臺中工務段,臺中市,大安區,頂安里,THB61128,0506,NULL,40.0,NULL,PRE-WARNING
128,0506,第二區養護工程處,臺中工務段,臺中市,大安區,頂安里,THB61128,0506,NULL,NULL,40.0,PRE-WARNING
129,0507,第二區養護工程處,臺中工務段,臺中市,大安區,永安里,THB61129,0507,40.0,NULL,NULL,PRE-WARNING
129,0507,第二區養護工程處,臺中工務段,臺中市,大安區,永安里,THB61129,0507,NULL,40.0,NULL,PRE-WARNING
129,0507,第二區養護工程處,臺中工務段,臺中市,大安區,永安里,THB61129,0507,NULL,NULL,40.0,PRE-WARNING
130,0508,第二區養護工程處,臺中工務段,臺中市,大安區,海墘里,THB61130,0508,40.0,NULL,NULL,PRE-WARNING
130,0508,第二區養護工程處,臺中工務段,臺中市,大安區,海墘里,THB61130,0508,NULL,40.0,NULL,PRE-WARNING
130,0508,第二區養護工程處,臺中工務段,臺中市,大安區,海墘里,THB61130,0508,NULL,NULL,40.0,PRE-WARNING
131,0509,第二區養護工程處,臺中工務段,臺中市,大安區,西安里,THB61131,0509,40.0,NULL,NULL,PRE-WARNING
131,0509,第二區養護工程處,臺中工務段,臺中市,大安區,西安里,THB61131,0509,NULL,40.0,NULL,PRE-WARNING
131,0509,第二區養護工程處,臺中工務段,臺中市,大安區,西安里,THB61131,0509,NULL,NULL,40.0,PRE-WARNING
132,0510,第二區養護工程處,臺中工務段,臺中市,大安區,龜殼里,THB61132,0510,40.0,NULL,NULL,PRE-WARNING
132,0510,第二區養護工程處,臺中工務段,臺中市,大安區,龜殼里,THB61132,0510,NULL,40.0,NULL,PRE-WARNING
132,0510,第二區養護工程處,臺中工務段,臺中市,大安區,龜殼里,THB61132,0510,NULL,NULL,40.0,PRE-WARNING
133,0511,第二區養護工程處,臺中工務段,臺中市,大安區,中庄里,THB61133,0511,40.0,NULL,NULL,PRE-WARNING
133,0511,第二區養護工程處,臺中工務段,臺中市,大安區,中庄里,THB61133,0511,NULL,40.0,NULL,PRE-WARNING
133,0511,第二區養護工程處,臺中工務段,臺中市,大安區,中庄里,THB61133,0511,NULL,NULL,40.0,PRE-WARNING
134,0512,第二區養護工程處,臺中工務段,臺中市,大安區,南庄里,THB61134,0512,40.0,NULL,NULL,PRE-WARNING
134,0512,第二區養護工程處,臺中工務段,臺中市,大安區,南庄里,THB61134,0512,NULL,40.0,NULL,PRE-WARNING
134,0512,第二區養護工程處,臺中工務段,臺中市,大安區,南庄里,THB61134,0512,NULL,NULL,40.0,PRE-WARNING
135,0513,第二區養護工程處,臺中工務段,臺中市,大安區,南埔里,THB61135,0513,40.0,NULL,NULL,PRE-WARNING
135,0513,第二區養護工程處,臺中工務段,臺中市,大安區,南埔里,THB61135,0513,NULL,40.0,NULL,PRE-WARNING
135,0513,第二區養護工程處,臺中工務段,臺中市,大安區,南埔里,THB61135,0513,NULL,NULL,40.0,PRE-WARNING
136,0514,第二區養護工程處,臺中工務段,臺中市,大安區,南埔里,THB61136,0514,40.0,NULL,NULL,PRE-WARNING
136,0514,第二區養護工程處,臺中工務段,臺中市,大安區,南埔里,THB61136,0514,NULL,40.0,NULL,PRE-WARNING
136,0514,第二區養護工程處,臺中工務段,臺中市,大安區,南埔里,THB61136,0514,NULL,NULL,40.0,PRE-WARNING
137,0515,第二區養護工程處,臺中工務段,臺中市,清水區,高北里,THB61137,0515,40.0,NULL,NULL,PRE-WARNING
137,0515,第二區養護工程處,臺中工務段,臺中市,清水區,高北里,THB61137,0515,NULL,40.0,NULL,PRE-WARNING
137,0515,第二區養護工程處,臺中工務段,臺中市,清水區,高北里,THB61137,0515,NULL,NULL,40.0,PRE-WARNING
138,0516,第二區養護工程處,臺中工務段,臺中市,清水區,高美里,THB61138,0516,40.0,NULL,NULL,PRE-WARNING
138,0516,第二區養護工程處,臺中工務段,臺中市,清水區,高美里,THB61138,0516,NULL,40.0,NULL,PRE-WARNING
138,0516,第二區養護工程處,臺中工務段,臺中市,清水區,高美里,THB61138,0516,NULL,NULL,40.0,PRE-WARNING
139,0517,第二區養護工程處,臺中工務段,臺中市,清水區,高西里,THB61139,0517,40.0,NULL,NULL,PRE-WARNING
139,0517,第二區養護工程處,臺中工務段,臺中市,清水區,高西里,THB61139,0517,NULL,40.0,NULL,PRE-WARNING
139,0517,第二區養護工程處,臺中工務段,臺中市,清水區,高西里,THB61139,0517,NULL,NULL,40.0,PRE-WARNING
140,0518,第二區養護工程處,臺中工務段,臺中市,清水區,高南里,THB61140,0518,40.0,NULL,NULL,PRE-WARNING
140,0518,第二區養護工程處,臺中工務段,臺中市,清水區,高南里,THB61140,0518,NULL,40.0,NULL,PRE-WARNING
140,0518,第二區養護工程處,臺中工務段,臺中市,清水區,高南里,THB61140,0518,NULL,NULL,40.0,PRE-WARNING
141,0519,第二區養護工程處,臺中工務段,臺中市,清水區,武鹿里,THB61141,0519,40.0,NULL,NULL,PRE-WARNING
141,0519,第二區養護工程處,臺中工務段,臺中市,清水區,武鹿里,THB61141,0519,NULL,40.0,NULL,PRE-WARNING
141,0519,第二區養護工程處,臺中工務段,臺中市,清水區,武鹿里,THB61141,0519,NULL,NULL,40.0,PRE-WARNING
142,0520,第二區養護工程處,臺中工務段,臺中市,清水區,海濱里,THB61142,0520,40.0,NULL,NULL,PRE-WARNING
142,0520,第二區養護工程處,臺中工務段,臺中市,清水區,海濱里,THB61142,0520,NULL,40.0,NULL,PRE-WARNING
142,0520,第二區養護工程處,臺中工務段,臺中市,清水區,海濱里,THB61142,0520,NULL,NULL,40.0,PRE-WARNING
143,0521,第二區養護工程處,臺中工務段,臺中市,清水區,中社里,THB61143,0521,40.0,NULL,NULL,PRE-WARNING
143,0521,第二區養護工程處,臺中工務段,臺中市,清水區,中社里,THB61143,0521,NULL,40.0,NULL,PRE-WARNING
143,0521,第二區養護工程處,臺中工務段,臺中市,清水區,中社里,THB61143,0521,NULL,NULL,40.0,PRE-WARNING
144,0522,第二區養護工程處,臺中工務段,臺中市,清水區,?榔里,THB61144,0522,40.0,NULL,NULL,PRE-WARNING
144,0522,第二區養護工程處,臺中工務段,臺中市,清水區,?榔里,THB61144,0522,NULL,40.0,NULL,PRE-WARNING
144,0522,第二區養護工程處,臺中工務段,臺中市,清水區,?榔里,THB61144,0522,NULL,NULL,40.0,PRE-WARNING
145,0523,第二區養護工程處,臺中工務段,臺中市,梧棲區,下寮里,THB61145,0523,40.0,NULL,NULL,PRE-WARNING
145,0523,第二區養護工程處,臺中工務段,臺中市,梧棲區,下寮里,THB61145,0523,NULL,40.0,NULL,PRE-WARNING
145,0523,第二區養護工程處,臺中工務段,臺中市,梧棲區,下寮里,THB61145,0523,NULL,NULL,40.0,PRE-WARNING
146,0524,第二區養護工程處,臺中工務段,臺中市,梧棲區,大庄里,THB61146,0524,40.0,NULL,NULL,PRE-WARNING
146,0524,第二區養護工程處,臺中工務段,臺中市,梧棲區,大庄里,THB61146,0524,NULL,40.0,NULL,PRE-WARNING
146,0524,第二區養護工程處,臺中工務段,臺中市,梧棲區,大庄里,THB61146,0524,NULL,NULL,40.0,PRE-WARNING
147,0525,第二區養護工程處,臺中工務段,臺中市,梧棲區,興農里,THB61147,0525,40.0,NULL,NULL,PRE-WARNING
147,0525,第二區養護工程處,臺中工務段,臺中市,梧棲區,興農里,THB61147,0525,NULL,40.0,NULL,PRE-WARNING
147,0525,第二區養護工程處,臺中工務段,臺中市,梧棲區,興農里,THB61147,0525,NULL,NULL,40.0,PRE-WARNING
148,0526,第二區養護工程處,臺中工務段,臺中市,梧棲區,永寧里,THB61148,0526,40.0,NULL,NULL,PRE-WARNING
148,0526,第二區養護工程處,臺中工務段,臺中市,梧棲區,永寧里,THB61148,0526,NULL,40.0,NULL,PRE-WARNING
148,0526,第二區養護工程處,臺中工務段,臺中市,梧棲區,永寧里,THB61148,0526,NULL,NULL,40.0,PRE-WARNING
149,0527,第二區養護工程處,臺中工務段,臺中市,梧棲區,永安里,THB61149,0527,40.0,NULL,NULL,PRE-WARNING
149,0527,第二區養護工程處,臺中工務段,臺中市,梧棲區,永安里,THB61149,0527,NULL,40.0,NULL,PRE-WARNING
149,0527,第二區養護工程處,臺中工務段,臺中市,梧棲區,永安里,THB61149,0527,NULL,NULL,40.0,PRE-WARNING
150,0528,第二區養護工程處,臺中工務段,臺中市,龍井區,忠和里,THB61150,0528,40.0,NULL,NULL,PRE-WARNING
150,0528,第二區養護工程處,臺中工務段,臺中市,龍井區,忠和里,THB61150,0528,NULL,40.0,NULL,PRE-WARNING
150,0528,第二區養護工程處,臺中工務段,臺中市,龍井區,忠和里,THB61150,0528,NULL,NULL,40.0,PRE-WARNING
151,0529,第二區養護工程處,臺中工務段,臺中市,龍井區,龍津里,THB61151,0529,40.0,NULL,NULL,PRE-WARNING
151,0529,第二區養護工程處,臺中工務段,臺中市,龍井區,龍津里,THB61151,0529,NULL,40.0,NULL,PRE-WARNING
151,0529,第二區養護工程處,臺中工務段,臺中市,龍井區,龍津里,THB61151,0529,NULL,NULL,40.0,PRE-WARNING
152,0530,第二區養護工程處,臺中工務段,臺中市,龍井區,福田里,THB61152,0530,40.0,NULL,NULL,PRE-WARNING
152,0530,第二區養護工程處,臺中工務段,臺中市,龍井區,福田里,THB61152,0530,NULL,40.0,NULL,PRE-WARNING
152,0530,第二區養護工程處,臺中工務段,臺中市,龍井區,福田里,THB61152,0530,NULL,NULL,40.0,PRE-WARNING
153,0531,第二區養護工程處,臺中工務段,臺中市,龍井區,福田里,THB61153,0531,40.0,NULL,NULL,PRE-WARNING
153,0531,第二區養護工程處,臺中工務段,臺中市,龍井區,福田里,THB61153,0531,NULL,40.0,NULL,PRE-WARNING
153,0531,第二區養護工程處,臺中工務段,臺中市,龍井區,福田里,THB61153,0531,NULL,NULL,40.0,PRE-WARNING
154,0532,第二區養護工程處,臺中工務段,臺中市,龍井區,福田里,THB61154,0532,40.0,NULL,NULL,PRE-WARNING
154,0532,第二區養護工程處,臺中工務段,臺中市,龍井區,福田里,THB61154,0532,NULL,40.0,NULL,PRE-WARNING
154,0532,第二區養護工程處,臺中工務段,臺中市,龍井區,福田里,THB61154,0532,NULL,NULL,40.0,PRE-WARNING
155,0533,第二區養護工程處,臺中工務段,臺中市,龍井區,福田里,THB61155,0533,40.0,NULL,NULL,PRE-WARNING
155,0533,第二區養護工程處,臺中工務段,臺中市,龍井區,福田里,THB61155,0533,NULL,40.0,NULL,PRE-WARNING
155,0533,第二區養護工程處,臺中工務段,臺中市,龍井區,福田里,THB61155,0533,NULL,NULL,40.0,PRE-WARNING
156,0601,第二區養護工程處,彰化工務段,彰化縣,伸港鄉,全興村,THB61156,0601,40.0,NULL,NULL,PRE-WARNING
156,0601,第二區養護工程處,彰化工務段,彰化縣,伸港鄉,全興村,THB61156,0601,NULL,40.0,NULL,PRE-WARNING
156,0601,第二區養護工程處,彰化工務段,彰化縣,伸港鄉,全興村,THB61156,0601,NULL,NULL,40.0,PRE-WARNING
157,0602,第二區養護工程處,彰化工務段,彰化縣,伸港鄉,海尾村,THB61157,0602,40.0,NULL,NULL,PRE-WARNING
157,0602,第二區養護工程處,彰化工務段,彰化縣,伸港鄉,海尾村,THB61157,0602,NULL,40.0,NULL,PRE-WARNING
157,0602,第二區養護工程處,彰化工務段,彰化縣,伸港鄉,海尾村,THB61157,0602,NULL,NULL,40.0,PRE-WARNING
158,0603,第二區養護工程處,彰化工務段,彰化縣,伸港鄉,什股村,THB61158,0603,40.0,NULL,NULL,PRE-WARNING
158,0603,第二區養護工程處,彰化工務段,彰化縣,伸港鄉,什股村,THB61158,0603,NULL,40.0,NULL,PRE-WARNING
158,0603,第二區養護工程處,彰化工務段,彰化縣,伸港鄉,什股村,THB61158,0603,NULL,NULL,40.0,PRE-WARNING
159,0604,第二區養護工程處,彰化工務段,彰化縣,伸港鄉,蚵寮村,THB61159,0604,40.0,NULL,NULL,PRE-WARNING
159,0604,第二區養護工程處,彰化工務段,彰化縣,伸港鄉,蚵寮村,THB61159,0604,NULL,40.0,NULL,PRE-WARNING
159,0604,第二區養護工程處,彰化工務段,彰化縣,伸港鄉,蚵寮村,THB61159,0604,NULL,NULL,40.0,PRE-WARNING
160,0605,第二區養護工程處,彰化工務段,彰化縣,線西鄉,線西村,THB61160,0605,40.0,NULL,NULL,PRE-WARNING
160,0605,第二區養護工程處,彰化工務段,彰化縣,線西鄉,線西村,THB61160,0605,NULL,40.0,NULL,PRE-WARNING
160,0605,第二區養護工程處,彰化工務段,彰化縣,線西鄉,線西村,THB61160,0605,NULL,NULL,40.0,PRE-WARNING
161,0606,第二區養護工程處,彰化工務段,彰化縣,線西鄉,寓埔村,THB61161,0606,40.0,NULL,NULL,PRE-WARNING
161,0606,第二區養護工程處,彰化工務段,彰化縣,線西鄉,寓埔村,THB61161,0606,NULL,40.0,NULL,PRE-WARNING
161,0606,第二區養護工程處,彰化工務段,彰化縣,線西鄉,寓埔村,THB61161,0606,NULL,NULL,40.0,PRE-WARNING
162,0607,第二區養護工程處,彰化工務段,彰化縣,線西鄉,塭仔村,THB61162,0607,40.0,NULL,NULL,PRE-WARNING
162,0607,第二區養護工程處,彰化工務段,彰化縣,線西鄉,塭仔村,THB61162,0607,NULL,40.0,NULL,PRE-WARNING
162,0607,第二區養護工程處,彰化工務段,彰化縣,線西鄉,塭仔村,THB61162,0607,NULL,NULL,40.0,PRE-WARNING
163,0608,第二區養護工程處,彰化工務段,彰化縣,鹿港鎮,山崙里,THB61163,0608,40.0,NULL,NULL,PRE-WARNING
163,0608,第二區養護工程處,彰化工務段,彰化縣,鹿港鎮,山崙里,THB61163,0608,NULL,40.0,NULL,PRE-WARNING
163,0608,第二區養護工程處,彰化工務段,彰化縣,鹿港鎮,山崙里,THB61163,0608,NULL,NULL,40.0,PRE-WARNING
164,0609,第二區養護工程處,彰化工務段,彰化縣,鹿港鎮,山崙里,THB61164,0609,40.0,NULL,NULL,PRE-WARNING
164,0609,第二區養護工程處,彰化工務段,彰化縣,鹿港鎮,山崙里,THB61164,0609,NULL,40.0,NULL,PRE-WARNING
164,0609,第二區養護工程處,彰化工務段,彰化縣,鹿港鎮,山崙里,THB61164,0609,NULL,NULL,40.0,PRE-WARNING
165,0610,第二區養護工程處,彰化工務段,彰化縣,鹿港鎮,山崙里,THB61165,0610,40.0,NULL,NULL,PRE-WARNING
165,0610,第二區養護工程處,彰化工務段,彰化縣,鹿港鎮,山崙里,THB61165,0610,NULL,40.0,NULL,PRE-WARNING
165,0610,第二區養護工程處,彰化工務段,彰化縣,鹿港鎮,山崙里,THB61165,0610,NULL,NULL,40.0,PRE-WARNING
166,0611,第二區養護工程處,彰化工務段,彰化縣,鹿港鎮,洋厝里,THB61166,0611,40.0,NULL,NULL,PRE-WARNING
166,0611,第二區養護工程處,彰化工務段,彰化縣,鹿港鎮,洋厝里,THB61166,0611,NULL,40.0,NULL,PRE-WARNING
166,0611,第二區養護工程處,彰化工務段,彰化縣,鹿港鎮,洋厝里,THB61166,0611,NULL,NULL,40.0,PRE-WARNING
167,0612,第二區養護工程處,彰化工務段,彰化縣,鹿港鎮,海埔里,THB61167,0612,40.0,NULL,NULL,PRE-WARNING
167,0612,第二區養護工程處,彰化工務段,彰化縣,鹿港鎮,海埔里,THB61167,0612,NULL,40.0,NULL,PRE-WARNING
167,0612,第二區養護工程處,彰化工務段,彰化縣,鹿港鎮,海埔里,THB61167,0612,NULL,NULL,40.0,PRE-WARNING
168,0613,第二區養護工程處,彰化工務段,彰化縣,鹿港鎮,海埔里,THB61168,0613,40.0,NULL,NULL,PRE-WARNING
168,0613,第二區養護工程處,彰化工務段,彰化縣,鹿港鎮,海埔里,THB61168,0613,NULL,40.0,NULL,PRE-WARNING
168,0613,第二區養護工程處,彰化工務段,彰化縣,鹿港鎮,海埔里,THB61168,0613,NULL,NULL,40.0,PRE-WARNING
169,0614,第二區養護工程處,彰化工務段,彰化縣,鹿港鎮,東石里,THB61169,0614,40.0,NULL,NULL,PRE-WARNING
169,0614,第二區養護工程處,彰化工務段,彰化縣,鹿港鎮,東石里,THB61169,0614,NULL,40.0,NULL,PRE-WARNING
169,0614,第二區養護工程處,彰化工務段,彰化縣,鹿港鎮,東石里,THB61169,0614,NULL,NULL,40.0,PRE-WARNING
170,0615,第二區養護工程處,彰化工務段,彰化縣,鹿港鎮,東石里,THB61170,0615,40.0,NULL,NULL,PRE-WARNING
170,0615,第二區養護工程處,彰化工務段,彰化縣,鹿港鎮,東石里,THB61170,0615,NULL,40.0,NULL,PRE-WARNING
170,0615,第二區養護工程處,彰化工務段,彰化縣,鹿港鎮,東石里,THB61170,0615,NULL,NULL,40.0,PRE-WARNING
171,0616,第二區養護工程處,彰化工務段,彰化縣,福興鄉,二港村,THB61171,0616,40.0,NULL,NULL,PRE-WARNING
171,0616,第二區養護工程處,彰化工務段,彰化縣,福興鄉,二港村,THB61171,0616,NULL,40.0,NULL,PRE-WARNING
171,0616,第二區養護工程處,彰化工務段,彰化縣,福興鄉,二港村,THB61171,0616,NULL,NULL,40.0,PRE-WARNING
172,0617,第二區養護工程處,彰化工務段,彰化縣,福興鄉,二港村,THB61172,0617,40.0,NULL,NULL,PRE-WARNING
172,0617,第二區養護工程處,彰化工務段,彰化縣,福興鄉,二港村,THB61172,0617,NULL,40.0,NULL,PRE-WARNING
172,0617,第二區養護工程處,彰化工務段,彰化縣,福興鄉,二港村,THB61172,0617,NULL,NULL,40.0,PRE-WARNING
173,0618,第二區養護工程處,彰化工務段,彰化縣,福興鄉,福寶村,THB61173,0618,40.0,NULL,NULL,PRE-WARNING
173,0618,第二區養護工程處,彰化工務段,彰化縣,福興鄉,福寶村,THB61173,0618,NULL,40.0,NULL,PRE-WARNING
173,0618,第二區養護工程處,彰化工務段,彰化縣,福興鄉,福寶村,THB61173,0618,NULL,NULL,40.0,PRE-WARNING
174,0619,第二區養護工程處,彰化工務段,彰化縣,福興鄉,頂粘村,THB61174,0619,40.0,NULL,NULL,PRE-WARNING
174,0619,第二區養護工程處,彰化工務段,彰化縣,福興鄉,頂粘村,THB61174,0619,NULL,40.0,NULL,PRE-WARNING
174,0619,第二區養護工程處,彰化工務段,彰化縣,福興鄉,頂粘村,THB61174,0619,NULL,NULL,40.0,PRE-WARNING
175,0620,第二區養護工程處,彰化工務段,彰化縣,福興鄉,廈粘村,THB61175,0620,40.0,NULL,NULL,PRE-WARNING
175,0620,第二區養護工程處,彰化工務段,彰化縣,福興鄉,廈粘村,THB61175,0620,NULL,40.0,NULL,PRE-WARNING
175,0620,第二區養護工程處,彰化工務段,彰化縣,福興鄉,廈粘村,THB61175,0620,NULL,NULL,40.0,PRE-WARNING
176,0621,第二區養護工程處,彰化工務段,彰化縣,福興鄉,麥厝村,THB61176,0621,40.0,NULL,NULL,PRE-WARNING
176,0621,第二區養護工程處,彰化工務段,彰化縣,福興鄉,麥厝村,THB61176,0621,NULL,40.0,NULL,PRE-WARNING
176,0621,第二區養護工程處,彰化工務段,彰化縣,福興鄉,麥厝村,THB61176,0621,NULL,NULL,40.0,PRE-WARNING
177,0622,第二區養護工程處,彰化工務段,彰化縣,芳苑鄉,漢寶村,THB61177,0622,40.0,NULL,NULL,PRE-WARNING
177,0622,第二區養護工程處,彰化工務段,彰化縣,芳苑鄉,漢寶村,THB61177,0622,NULL,40.0,NULL,PRE-WARNING
177,0622,第二區養護工程處,彰化工務段,彰化縣,芳苑鄉,漢寶村,THB61177,0622,NULL,NULL,40.0,PRE-WARNING
178,0623,第二區養護工程處,彰化工務段,彰化縣,芳苑鄉,漢寶村,THB61178,0623,40.0,NULL,NULL,PRE-WARNING
178,0623,第二區養護工程處,彰化工務段,彰化縣,芳苑鄉,漢寶村,THB61178,0623,NULL,40.0,NULL,PRE-WARNING
178,0623,第二區養護工程處,彰化工務段,彰化縣,芳苑鄉,漢寶村,THB61178,0623,NULL,NULL,40.0,PRE-WARNING
179,0624,第二區養護工程處,彰化工務段,彰化縣,芳苑鄉,新生村,THB61179,0624,40.0,NULL,NULL,PRE-WARNING
179,0624,第二區養護工程處,彰化工務段,彰化縣,芳苑鄉,新生村,THB61179,0624,NULL,40.0,NULL,PRE-WARNING
179,0624,第二區養護工程處,彰化工務段,彰化縣,芳苑鄉,新生村,THB61179,0624,NULL,NULL,40.0,PRE-WARNING
180,0625,第二區養護工程處,彰化工務段,彰化縣,芳苑鄉,新生村,THB61180,0625,40.0,NULL,NULL,PRE-WARNING
180,0625,第二區養護工程處,彰化工務段,彰化縣,芳苑鄉,新生村,THB61180,0625,NULL,40.0,NULL,PRE-WARNING
180,0625,第二區養護工程處,彰化工務段,彰化縣,芳苑鄉,新生村,THB61180,0625,NULL,NULL,40.0,PRE-WARNING
181,0626,第二區養護工程處,彰化工務段,彰化縣,芳苑鄉,崙腳村,THB61181,0626,40.0,NULL,NULL,PRE-WARNING
181,0626,第二區養護工程處,彰化工務段,彰化縣,芳苑鄉,崙腳村,THB61181,0626,NULL,40.0,NULL,PRE-WARNING
181,0626,第二區養護工程處,彰化工務段,彰化縣,芳苑鄉,崙腳村,THB61181,0626,NULL,NULL,40.0,PRE-WARNING
182,0627,第二區養護工程處,彰化工務段,彰化縣,芳苑鄉,崙腳村,THB61182,0627,40.0,NULL,NULL,PRE-WARNING
182,0627,第二區養護工程處,彰化工務段,彰化縣,芳苑鄉,崙腳村,THB61182,0627,NULL,40.0,NULL,PRE-WARNING
182,0627,第二區養護工程處,彰化工務段,彰化縣,芳苑鄉,崙腳村,THB61182,0627,NULL,NULL,40.0,PRE-WARNING
183,0628,第二區養護工程處,彰化工務段,彰化縣,芳苑鄉,王功村,THB61183,0628,40.0,NULL,NULL,PRE-WARNING
183,0628,第二區養護工程處,彰化工務段,彰化縣,芳苑鄉,王功村,THB61183,0628,NULL,40.0,NULL,PRE-WARNING
183,0628,第二區養護工程處,彰化工務段,彰化縣,芳苑鄉,王功村,THB61183,0628,NULL,NULL,40.0,PRE-WARNING
184,0629,第二區養護工程處,彰化工務段,彰化縣,芳苑鄉,博愛村,THB61184,0629,40.0,NULL,NULL,PRE-WARNING
184,0629,第二區養護工程處,彰化工務段,彰化縣,芳苑鄉,博愛村,THB61184,0629,NULL,40.0,NULL,PRE-WARNING
184,0629,第二區養護工程處,彰化工務段,彰化縣,芳苑鄉,博愛村,THB61184,0629,NULL,NULL,40.0,PRE-WARNING
185,0630,第二區養護工程處,彰化工務段,彰化縣,芳苑鄉,和平村,THB61185,0630,40.0,NULL,NULL,PRE-WARNING
185,0630,第二區養護工程處,彰化工務段,彰化縣,芳苑鄉,和平村,THB61185,0630,NULL,40.0,NULL,PRE-WARNING
185,0630,第二區養護工程處,彰化工務段,彰化縣,芳苑鄉,和平村,THB61185,0630,NULL,NULL,40.0,PRE-WARNING
186,0631,第二區養護工程處,彰化工務段,彰化縣,芳苑鄉,永興村,THB61186,0631,40.0,NULL,NULL,PRE-WARNING
186,0631,第二區養護工程處,彰化工務段,彰化縣,芳苑鄉,永興村,THB61186,0631,NULL,40.0,NULL,PRE-WARNING
186,0631,第二區養護工程處,彰化工務段,彰化縣,芳苑鄉,永興村,THB61186,0631,NULL,NULL,40.0,PRE-WARNING
187,0632,第二區養護工程處,彰化工務段,彰化縣,芳苑鄉,永興村,THB61187,0632,40.0,NULL,NULL,PRE-WARNING
187,0632,第二區養護工程處,彰化工務段,彰化縣,芳苑鄉,永興村,THB61187,0632,NULL,40.0,NULL,PRE-WARNING
187,0632,第二區養護工程處,彰化工務段,彰化縣,芳苑鄉,永興村,THB61187,0632,NULL,NULL,40.0,PRE-WARNING
188,0633,第二區養護工程處,彰化工務段,彰化縣,芳苑鄉,芳苑村,THB61188,0633,40.0,NULL,NULL,PRE-WARNING
188,0633,第二區養護工程處,彰化工務段,彰化縣,芳苑鄉,芳苑村,THB61188,0633,NULL,40.0,NULL,PRE-WARNING
188,0633,第二區養護工程處,彰化工務段,彰化縣,芳苑鄉,芳苑村,THB61188,0633,NULL,NULL,40.0,PRE-WARNING
189,0634,第二區養護工程處,彰化工務段,彰化縣,芳苑鄉,芳中村,THB61189,0634,40.0,NULL,NULL,PRE-WARNING
189,0634,第二區養護工程處,彰化工務段,彰化縣,芳苑鄉,芳中村,THB61189,0634,NULL,40.0,NULL,PRE-WARNING
189,0634,第二區養護工程處,彰化工務段,彰化縣,芳苑鄉,芳中村,THB61189,0634,NULL,NULL,40.0,PRE-WARNING
190,0635,第二區養護工程處,彰化工務段,彰化縣,芳苑鄉,信義村,THB61190,0635,40.0,NULL,NULL,PRE-WARNING
190,0635,第二區養護工程處,彰化工務段,彰化縣,芳苑鄉,信義村,THB61190,0635,NULL,40.0,NULL,PRE-WARNING
190,0635,第二區養護工程處,彰化工務段,彰化縣,芳苑鄉,信義村,THB61190,0635,NULL,NULL,40.0,PRE-WARNING
191,0636,第二區養護工程處,彰化工務段,彰化縣,芳苑鄉,新街村,THB61191,0636,40.0,NULL,NULL,PRE-WARNING
191,0636,第二區養護工程處,彰化工務段,彰化縣,芳苑鄉,新街村,THB61191,0636,NULL,40.0,NULL,PRE-WARNING
191,0636,第二區養護工程處,彰化工務段,彰化縣,芳苑鄉,新街村,THB61191,0636,NULL,NULL,40.0,PRE-WARNING
192,0637,第二區養護工程處,彰化工務段,彰化縣,芳苑鄉,新街村,THB61192,0637,40.0,NULL,NULL,PRE-WARNING
192,0637,第二區養護工程處,彰化工務段,彰化縣,芳苑鄉,新街村,THB61192,0637,NULL,40.0,NULL,PRE-WARNING
192,0637,第二區養護工程處,彰化工務段,彰化縣,芳苑鄉,新街村,THB61192,0637,NULL,NULL,40.0,PRE-WARNING
193,0638,第二區養護工程處,彰化工務段,彰化縣,芳苑鄉,新街村,THB61193,0638,40.0,NULL,NULL,PRE-WARNING
193,0638,第二區養護工程處,彰化工務段,彰化縣,芳苑鄉,新街村,THB61193,0638,NULL,40.0,NULL,PRE-WARNING
193,0638,第二區養護工程處,彰化工務段,彰化縣,芳苑鄉,新街村,THB61193,0638,NULL,NULL,40.0,PRE-WARNING
194,0639,第二區養護工程處,彰化工務段,彰化縣,大城鄉,三豐村,THB61194,0639,40.0,NULL,NULL,PRE-WARNING
194,0639,第二區養護工程處,彰化工務段,彰化縣,大城鄉,三豐村,THB61194,0639,NULL,40.0,NULL,PRE-WARNING
194,0639,第二區養護工程處,彰化工務段,彰化縣,大城鄉,三豐村,THB61194,0639,NULL,NULL,40.0,PRE-WARNING
195,0640,第二區養護工程處,彰化工務段,彰化縣,大城鄉,三豐村,THB61195,0640,40.0,NULL,NULL,PRE-WARNING
195,0640,第二區養護工程處,彰化工務段,彰化縣,大城鄉,三豐村,THB61195,0640,NULL,40.0,NULL,PRE-WARNING
195,0640,第二區養護工程處,彰化工務段,彰化縣,大城鄉,三豐村,THB61195,0640,NULL,NULL,40.0,PRE-WARNING
196,0641,第二區養護工程處,彰化工務段,彰化縣,大城鄉,西港村,THB61196,0641,40.0,NULL,NULL,PRE-WARNING
196,0641,第二區養護工程處,彰化工務段,彰化縣,大城鄉,西港村,THB61196,0641,NULL,40.0,NULL,PRE-WARNING
196,0641,第二區養護工程處,彰化工務段,彰化縣,大城鄉,西港村,THB61196,0641,NULL,NULL,40.0,PRE-WARNING
197,0642,第二區養護工程處,彰化工務段,彰化縣,大城鄉,東港村,THB61197,0642,40.0,NULL,NULL,PRE-WARNING
197,0642,第二區養護工程處,彰化工務段,彰化縣,大城鄉,東港村,THB61197,0642,NULL,40.0,NULL,PRE-WARNING
197,0642,第二區養護工程處,彰化工務段,彰化縣,大城鄉,東港村,THB61197,0642,NULL,NULL,40.0,PRE-WARNING
198,0643,第二區養護工程處,彰化工務段,彰化縣,大城鄉,公館村,THB61198,0643,40.0,NULL,NULL,PRE-WARNING
198,0643,第二區養護工程處,彰化工務段,彰化縣,大城鄉,公館村,THB61198,0643,NULL,40.0,NULL,PRE-WARNING
198,0643,第二區養護工程處,彰化工務段,彰化縣,大城鄉,公館村,THB61198,0643,NULL,NULL,40.0,PRE-WARNING
199,0644,第二區養護工程處,彰化工務段,彰化縣,大城鄉,頂庄村,THB61199,0644,40.0,NULL,NULL,PRE-WARNING
199,0644,第二區養護工程處,彰化工務段,彰化縣,大城鄉,頂庄村,THB61199,0644,NULL,40.0,NULL,PRE-WARNING
199,0644,第二區養護工程處,彰化工務段,彰化縣,大城鄉,頂庄村,THB61199,0644,NULL,NULL,40.0,PRE-WARNING
200,0645,第二區養護工程處,彰化工務段,彰化縣,大城鄉,臺西村,THB61200,0645,40.0,NULL,NULL,PRE-WARNING
200,0645,第二區養護工程處,彰化工務段,彰化縣,大城鄉,臺西村,THB61200,0645,NULL,40.0,NULL,PRE-WARNING
200,0645,第二區養護工程處,彰化工務段,彰化縣,大城鄉,臺西村,THB61200,0645,NULL,NULL,40.0,PRE-WARNING
201,0646,第二區養護工程處,彰化工務段,彰化縣,大城鄉,臺西村,THB61201,0646,40.0,NULL,NULL,PRE-WARNING
201,0646,第二區養護工程處,彰化工務段,彰化縣,大城鄉,臺西村,THB61201,0646,NULL,40.0,NULL,PRE-WARNING
201,0646,第二區養護工程處,彰化工務段,彰化縣,大城鄉,臺西村,THB61201,0646,NULL,NULL,40.0,PRE-WARNING
202,0647,第二區養護工程處,彰化工務段,彰化縣,大城鄉,臺西村,THB61202,0647,40.0,NULL,NULL,PRE-WARNING
202,0647,第二區養護工程處,彰化工務段,彰化縣,大城鄉,臺西村,THB61202,0647,NULL,40.0,NULL,PRE-WARNING
202,0647,第二區養護工程處,彰化工務段,彰化縣,大城鄉,臺西村,THB61202,0647,NULL,NULL,40.0,PRE-WARNING
203,0701,第五區養護工程處,斗南工務段,雲林縣,麥寮鄉,新吉村,THB61203,0701,40.0,NULL,NULL,PRE-WARNING
203,0701,第五區養護工程處,斗南工務段,雲林縣,麥寮鄉,新吉村,THB61203,0701,NULL,40.0,NULL,PRE-WARNING
203,0701,第五區養護工程處,斗南工務段,雲林縣,麥寮鄉,新吉村,THB61203,0701,NULL,NULL,40.0,PRE-WARNING
204,0702,第五區養護工程處,斗南工務段,雲林縣,麥寮鄉,橋頭村,THB61204,0702,40.0,NULL,NULL,PRE-WARNING
204,0702,第五區養護工程處,斗南工務段,雲林縣,麥寮鄉,橋頭村,THB61204,0702,NULL,40.0,NULL,PRE-WARNING
204,0702,第五區養護工程處,斗南工務段,雲林縣,麥寮鄉,橋頭村,THB61204,0702,NULL,NULL,40.0,PRE-WARNING
205,0703,第五區養護工程處,斗南工務段,雲林縣,麥寮鄉,橋頭村,THB61205,0703,40.0,NULL,NULL,PRE-WARNING
205,0703,第五區養護工程處,斗南工務段,雲林縣,麥寮鄉,橋頭村,THB61205,0703,NULL,40.0,NULL,PRE-WARNING
205,0703,第五區養護工程處,斗南工務段,雲林縣,麥寮鄉,橋頭村,THB61205,0703,NULL,NULL,40.0,PRE-WARNING
206,0704,第五區養護工程處,斗南工務段,雲林縣,麥寮鄉,施厝村,THB61206,0704,40.0,NULL,NULL,PRE-WARNING
206,0704,第五區養護工程處,斗南工務段,雲林縣,麥寮鄉,施厝村,THB61206,0704,NULL,40.0,NULL,PRE-WARNING
206,0704,第五區養護工程處,斗南工務段,雲林縣,麥寮鄉,施厝村,THB61206,0704,NULL,NULL,40.0,PRE-WARNING
207,0705,第五區養護工程處,斗南工務段,雲林縣,麥寮鄉,崙後村,THB61207,0705,40.0,NULL,NULL,PRE-WARNING
207,0705,第五區養護工程處,斗南工務段,雲林縣,麥寮鄉,崙後村,THB61207,0705,NULL,40.0,NULL,PRE-WARNING
207,0705,第五區養護工程處,斗南工務段,雲林縣,麥寮鄉,崙後村,THB61207,0705,NULL,NULL,40.0,PRE-WARNING
208,0706,第五區養護工程處,斗南工務段,雲林縣,麥寮鄉,興華村,THB61208,0706,40.0,NULL,NULL,PRE-WARNING
208,0706,第五區養護工程處,斗南工務段,雲林縣,麥寮鄉,興華村,THB61208,0706,NULL,40.0,NULL,PRE-WARNING
208,0706,第五區養護工程處,斗南工務段,雲林縣,麥寮鄉,興華村,THB61208,0706,NULL,NULL,40.0,PRE-WARNING
209,0707,第五區養護工程處,斗南工務段,雲林縣,麥寮鄉,瓦?村,THB61209,0707,40.0,NULL,NULL,PRE-WARNING
209,0707,第五區養護工程處,斗南工務段,雲林縣,麥寮鄉,瓦?村,THB61209,0707,NULL,40.0,NULL,PRE-WARNING
209,0707,第五區養護工程處,斗南工務段,雲林縣,麥寮鄉,瓦?村,THB61209,0707,NULL,NULL,40.0,PRE-WARNING
210,0708,第五區養護工程處,斗南工務段,雲林縣,麥寮鄉,麥豐村,THB61210,0708,40.0,NULL,NULL,PRE-WARNING
210,0708,第五區養護工程處,斗南工務段,雲林縣,麥寮鄉,麥豐村,THB61210,0708,NULL,40.0,NULL,PRE-WARNING
210,0708,第五區養護工程處,斗南工務段,雲林縣,麥寮鄉,麥豐村,THB61210,0708,NULL,NULL,40.0,PRE-WARNING
211,0709,第五區養護工程處,斗南工務段,雲林縣,麥寮鄉,麥豐村,THB61211,0709,40.0,NULL,NULL,PRE-WARNING
211,0709,第五區養護工程處,斗南工務段,雲林縣,麥寮鄉,麥豐村,THB61211,0709,NULL,40.0,NULL,PRE-WARNING
211,0709,第五區養護工程處,斗南工務段,雲林縣,麥寮鄉,麥豐村,THB61211,0709,NULL,NULL,40.0,PRE-WARNING
212,0710,第五區養護工程處,斗南工務段,雲林縣,麥寮鄉,麥豐村,THB61212,0710,40.0,NULL,NULL,PRE-WARNING
212,0710,第五區養護工程處,斗南工務段,雲林縣,麥寮鄉,麥豐村,THB61212,0710,NULL,40.0,NULL,PRE-WARNING
212,0710,第五區養護工程處,斗南工務段,雲林縣,麥寮鄉,麥豐村,THB61212,0710,NULL,NULL,40.0,PRE-WARNING
213,0711,第五區養護工程處,斗南工務段,雲林縣,東勢鄉,四美村,THB61213,0711,40.0,NULL,NULL,PRE-WARNING
213,0711,第五區養護工程處,斗南工務段,雲林縣,東勢鄉,四美村,THB61213,0711,NULL,40.0,NULL,PRE-WARNING
213,0711,第五區養護工程處,斗南工務段,雲林縣,東勢鄉,四美村,THB61213,0711,NULL,NULL,40.0,PRE-WARNING
214,0712,第五區養護工程處,斗南工務段,雲林縣,臺西鄉,和豐村,THB61214,0712,40.0,NULL,NULL,PRE-WARNING
214,0712,第五區養護工程處,斗南工務段,雲林縣,臺西鄉,和豐村,THB61214,0712,NULL,40.0,NULL,PRE-WARNING
214,0712,第五區養護工程處,斗南工務段,雲林縣,臺西鄉,和豐村,THB61214,0712,NULL,NULL,40.0,PRE-WARNING
215,0713,第五區養護工程處,斗南工務段,雲林縣,臺西鄉,和豐村,THB61215,0713,40.0,NULL,NULL,PRE-WARNING
215,0713,第五區養護工程處,斗南工務段,雲林縣,臺西鄉,和豐村,THB61215,0713,NULL,40.0,NULL,PRE-WARNING
215,0713,第五區養護工程處,斗南工務段,雲林縣,臺西鄉,和豐村,THB61215,0713,NULL,NULL,40.0,PRE-WARNING
216,0714,第五區養護工程處,斗南工務段,雲林縣,臺西鄉,富琦村,THB61216,0714,40.0,NULL,NULL,PRE-WARNING
216,0714,第五區養護工程處,斗南工務段,雲林縣,臺西鄉,富琦村,THB61216,0714,NULL,40.0,NULL,PRE-WARNING
216,0714,第五區養護工程處,斗南工務段,雲林縣,臺西鄉,富琦村,THB61216,0714,NULL,NULL,40.0,PRE-WARNING
217,0715,第五區養護工程處,斗南工務段,雲林縣,臺西鄉,永豐村,THB61217,0715,40.0,NULL,NULL,PRE-WARNING
217,0715,第五區養護工程處,斗南工務段,雲林縣,臺西鄉,永豐村,THB61217,0715,NULL,40.0,NULL,PRE-WARNING
217,0715,第五區養護工程處,斗南工務段,雲林縣,臺西鄉,永豐村,THB61217,0715,NULL,NULL,40.0,PRE-WARNING
218,0716,第五區養護工程處,斗南工務段,雲林縣,臺西鄉,五港村,THB61218,0716,40.0,NULL,NULL,PRE-WARNING
218,0716,第五區養護工程處,斗南工務段,雲林縣,臺西鄉,五港村,THB61218,0716,NULL,40.0,NULL,PRE-WARNING
218,0716,第五區養護工程處,斗南工務段,雲林縣,臺西鄉,五港村,THB61218,0716,NULL,NULL,40.0,PRE-WARNING
219,0717,第五區養護工程處,斗南工務段,雲林縣,臺西鄉,五港村,THB61219,0717,40.0,NULL,NULL,PRE-WARNING
219,0717,第五區養護工程處,斗南工務段,雲林縣,臺西鄉,五港村,THB61219,0717,NULL,40.0,NULL,PRE-WARNING
219,0717,第五區養護工程處,斗南工務段,雲林縣,臺西鄉,五港村,THB61219,0717,NULL,NULL,40.0,PRE-WARNING
220,0718,第五區養護工程處,斗南工務段,雲林縣,臺西鄉,海口村,THB61220,0718,40.0,NULL,NULL,PRE-WARNING
220,0718,第五區養護工程處,斗南工務段,雲林縣,臺西鄉,海口村,THB61220,0718,NULL,40.0,NULL,PRE-WARNING
220,0718,第五區養護工程處,斗南工務段,雲林縣,臺西鄉,海口村,THB61220,0718,NULL,NULL,40.0,PRE-WARNING
221,0719,第五區養護工程處,斗南工務段,雲林縣,四湖鄉,林厝村,THB61221,0719,40.0,NULL,NULL,PRE-WARNING
221,0719,第五區養護工程處,斗南工務段,雲林縣,四湖鄉,林厝村,THB61221,0719,NULL,40.0,NULL,PRE-WARNING
221,0719,第五區養護工程處,斗南工務段,雲林縣,四湖鄉,林厝村,THB61221,0719,NULL,NULL,40.0,PRE-WARNING
222,0720,第五區養護工程處,斗南工務段,雲林縣,四湖鄉,林厝村,THB61222,0720,40.0,NULL,NULL,PRE-WARNING
222,0720,第五區養護工程處,斗南工務段,雲林縣,四湖鄉,林厝村,THB61222,0720,NULL,40.0,NULL,PRE-WARNING
222,0720,第五區養護工程處,斗南工務段,雲林縣,四湖鄉,林厝村,THB61222,0720,NULL,NULL,40.0,PRE-WARNING
223,0721,第五區養護工程處,斗南工務段,雲林縣,四湖鄉,林厝村,THB61223,0721,40.0,NULL,NULL,PRE-WARNING
223,0721,第五區養護工程處,斗南工務段,雲林縣,四湖鄉,林厝村,THB61223,0721,NULL,40.0,NULL,PRE-WARNING
223,0721,第五區養護工程處,斗南工務段,雲林縣,四湖鄉,林厝村,THB61223,0721,NULL,NULL,40.0,PRE-WARNING
224,0722,第五區養護工程處,斗南工務段,雲林縣,四湖鄉,林厝村,THB61224,0722,40.0,NULL,NULL,PRE-WARNING
224,0722,第五區養護工程處,斗南工務段,雲林縣,四湖鄉,林厝村,THB61224,0722,NULL,40.0,NULL,PRE-WARNING
224,0722,第五區養護工程處,斗南工務段,雲林縣,四湖鄉,林厝村,THB61224,0722,NULL,NULL,40.0,PRE-WARNING
225,0723,第五區養護工程處,斗南工務段,雲林縣,四湖鄉,林厝村,THB61225,0723,40.0,NULL,NULL,PRE-WARNING
225,0723,第五區養護工程處,斗南工務段,雲林縣,四湖鄉,林厝村,THB61225,0723,NULL,40.0,NULL,PRE-WARNING
225,0723,第五區養護工程處,斗南工務段,雲林縣,四湖鄉,林厝村,THB61225,0723,NULL,NULL,40.0,PRE-WARNING
226,0724,第五區養護工程處,斗南工務段,雲林縣,四湖鄉,崙北村,THB61226,0724,40.0,NULL,NULL,PRE-WARNING
226,0724,第五區養護工程處,斗南工務段,雲林縣,四湖鄉,崙北村,THB61226,0724,NULL,40.0,NULL,PRE-WARNING
226,0724,第五區養護工程處,斗南工務段,雲林縣,四湖鄉,崙北村,THB61226,0724,NULL,NULL,40.0,PRE-WARNING
227,0725,第五區養護工程處,斗南工務段,雲林縣,四湖鄉,崙南村,THB61227,0725,40.0,NULL,NULL,PRE-WARNING
227,0725,第五區養護工程處,斗南工務段,雲林縣,四湖鄉,崙南村,THB61227,0725,NULL,40.0,NULL,PRE-WARNING
227,0725,第五區養護工程處,斗南工務段,雲林縣,四湖鄉,崙南村,THB61227,0725,NULL,NULL,40.0,PRE-WARNING
228,0726,第五區養護工程處,斗南工務段,雲林縣,四湖鄉,飛沙村,THB61228,0726,40.0,NULL,NULL,PRE-WARNING
228,0726,第五區養護工程處,斗南工務段,雲林縣,四湖鄉,飛沙村,THB61228,0726,NULL,40.0,NULL,PRE-WARNING
228,0726,第五區養護工程處,斗南工務段,雲林縣,四湖鄉,飛沙村,THB61228,0726,NULL,NULL,40.0,PRE-WARNING
229,0801,第五區養護工程處,水上工務段,雲林縣,四湖鄉,三姓村,THB61229,0801,40.0,NULL,NULL,PRE-WARNING
229,0801,第五區養護工程處,水上工務段,雲林縣,四湖鄉,三姓村,THB61229,0801,NULL,40.0,NULL,PRE-WARNING
229,0801,第五區養護工程處,水上工務段,雲林縣,四湖鄉,三姓村,THB61229,0801,NULL,NULL,40.0,PRE-WARNING
230,0802,第五區養護工程處,水上工務段,雲林縣,口湖鄉,崙東村,THB61230,0802,40.0,NULL,NULL,PRE-WARNING
230,0802,第五區養護工程處,水上工務段,雲林縣,口湖鄉,崙東村,THB61230,0802,NULL,40.0,NULL,PRE-WARNING
230,0802,第五區養護工程處,水上工務段,雲林縣,口湖鄉,崙東村,THB61230,0802,NULL,NULL,40.0,PRE-WARNING
231,0803,第五區養護工程處,水上工務段,雲林縣,口湖鄉,崙東村,THB61231,0803,40.0,NULL,NULL,PRE-WARNING
231,0803,第五區養護工程處,水上工務段,雲林縣,口湖鄉,崙東村,THB61231,0803,NULL,40.0,NULL,PRE-WARNING
231,0803,第五區養護工程處,水上工務段,雲林縣,口湖鄉,崙東村,THB61231,0803,NULL,NULL,40.0,PRE-WARNING
232,0804,第五區養護工程處,水上工務段,雲林縣,口湖鄉,青蚶村,THB61232,0804,40.0,NULL,NULL,PRE-WARNING
232,0804,第五區養護工程處,水上工務段,雲林縣,口湖鄉,青蚶村,THB61232,0804,NULL,40.0,NULL,PRE-WARNING
232,0804,第五區養護工程處,水上工務段,雲林縣,口湖鄉,青蚶村,THB61232,0804,NULL,NULL,40.0,PRE-WARNING
233,0805,第五區養護工程處,水上工務段,雲林縣,口湖鄉,青蚶村,THB61233,0805,40.0,NULL,NULL,PRE-WARNING
233,0805,第五區養護工程處,水上工務段,雲林縣,口湖鄉,青蚶村,THB61233,0805,NULL,40.0,NULL,PRE-WARNING
233,0805,第五區養護工程處,水上工務段,雲林縣,口湖鄉,青蚶村,THB61233,0805,NULL,NULL,40.0,PRE-WARNING
234,0806,第五區養護工程處,水上工務段,雲林縣,口湖鄉,青蚶村,THB61234,0806,40.0,NULL,NULL,PRE-WARNING
234,0806,第五區養護工程處,水上工務段,雲林縣,口湖鄉,青蚶村,THB61234,0806,NULL,40.0,NULL,PRE-WARNING
234,0806,第五區養護工程處,水上工務段,雲林縣,口湖鄉,青蚶村,THB61234,0806,NULL,NULL,40.0,PRE-WARNING
235,0807,第五區養護工程處,水上工務段,雲林縣,口湖鄉,港東村,THB61235,0807,40.0,NULL,NULL,PRE-WARNING
235,0807,第五區養護工程處,水上工務段,雲林縣,口湖鄉,港東村,THB61235,0807,NULL,40.0,NULL,PRE-WARNING
235,0807,第五區養護工程處,水上工務段,雲林縣,口湖鄉,港東村,THB61235,0807,NULL,NULL,40.0,PRE-WARNING
236,0808,第五區養護工程處,水上工務段,雲林縣,口湖鄉,港東村,THB61236,0808,40.0,NULL,NULL,PRE-WARNING
236,0808,第五區養護工程處,水上工務段,雲林縣,口湖鄉,港東村,THB61236,0808,NULL,40.0,NULL,PRE-WARNING
236,0808,第五區養護工程處,水上工務段,雲林縣,口湖鄉,港東村,THB61236,0808,NULL,NULL,40.0,PRE-WARNING
237,0809,第五區養護工程處,水上工務段,雲林縣,口湖鄉,台子村,THB61237,0809,40.0,NULL,NULL,PRE-WARNING
237,0809,第五區養護工程處,水上工務段,雲林縣,口湖鄉,台子村,THB61237,0809,NULL,40.0,NULL,PRE-WARNING
237,0809,第五區養護工程處,水上工務段,雲林縣,口湖鄉,台子村,THB61237,0809,NULL,NULL,40.0,PRE-WARNING
238,0810,第五區養護工程處,水上工務段,雲林縣,口湖鄉,成龍村,THB61238,0810,40.0,NULL,NULL,PRE-WARNING
238,0810,第五區養護工程處,水上工務段,雲林縣,口湖鄉,成龍村,THB61238,0810,NULL,40.0,NULL,PRE-WARNING
238,0810,第五區養護工程處,水上工務段,雲林縣,口湖鄉,成龍村,THB61238,0810,NULL,NULL,40.0,PRE-WARNING
239,0811,第五區養護工程處,水上工務段,雲林縣,口湖鄉,湖口村,THB61239,0811,40.0,NULL,NULL,PRE-WARNING
239,0811,第五區養護工程處,水上工務段,雲林縣,口湖鄉,湖口村,THB61239,0811,NULL,40.0,NULL,PRE-WARNING
239,0811,第五區養護工程處,水上工務段,雲林縣,口湖鄉,湖口村,THB61239,0811,NULL,NULL,40.0,PRE-WARNING
240,0812,第五區養護工程處,水上工務段,雲林縣,口湖鄉,梧南村,THB61240,0812,40.0,NULL,NULL,PRE-WARNING
240,0812,第五區養護工程處,水上工務段,雲林縣,口湖鄉,梧南村,THB61240,0812,NULL,40.0,NULL,PRE-WARNING
240,0812,第五區養護工程處,水上工務段,雲林縣,口湖鄉,梧南村,THB61240,0812,NULL,NULL,40.0,PRE-WARNING
241,0813,第五區養護工程處,水上工務段,雲林縣,口湖鄉,梧南村,THB61241,0813,40.0,NULL,NULL,PRE-WARNING
241,0813,第五區養護工程處,水上工務段,雲林縣,口湖鄉,梧南村,THB61241,0813,NULL,40.0,NULL,PRE-WARNING
241,0813,第五區養護工程處,水上工務段,雲林縣,口湖鄉,梧南村,THB61241,0813,NULL,NULL,40.0,PRE-WARNING
242,0814,第五區養護工程處,水上工務段,雲林縣,口湖鄉,水井村,THB61242,0814,40.0,NULL,NULL,PRE-WARNING
242,0814,第五區養護工程處,水上工務段,雲林縣,口湖鄉,水井村,THB61242,0814,NULL,40.0,NULL,PRE-WARNING
242,0814,第五區養護工程處,水上工務段,雲林縣,口湖鄉,水井村,THB61242,0814,NULL,NULL,40.0,PRE-WARNING
243,0815,第五區養護工程處,水上工務段,雲林縣,口湖鄉,水井村,THB61243,0815,40.0,NULL,NULL,PRE-WARNING
243,0815,第五區養護工程處,水上工務段,雲林縣,口湖鄉,水井村,THB61243,0815,NULL,40.0,NULL,PRE-WARNING
243,0815,第五區養護工程處,水上工務段,雲林縣,口湖鄉,水井村,THB61243,0815,NULL,NULL,40.0,PRE-WARNING
244,0816,第五區養護工程處,水上工務段,雲林縣,口湖鄉,水井村,THB61244,0816,40.0,NULL,NULL,PRE-WARNING
244,0816,第五區養護工程處,水上工務段,雲林縣,口湖鄉,水井村,THB61244,0816,NULL,40.0,NULL,PRE-WARNING
244,0816,第五區養護工程處,水上工務段,雲林縣,口湖鄉,水井村,THB61244,0816,NULL,NULL,40.0,PRE-WARNING
245,0817,第五區養護工程處,水上工務段,嘉義縣,東石鄉,鰲鼓村,THB61245,0817,40.0,NULL,NULL,PRE-WARNING
245,0817,第五區養護工程處,水上工務段,嘉義縣,東石鄉,鰲鼓村,THB61245,0817,NULL,40.0,NULL,PRE-WARNING
245,0817,第五區養護工程處,水上工務段,嘉義縣,東石鄉,鰲鼓村,THB61245,0817,NULL,NULL,40.0,PRE-WARNING
246,0818,第五區養護工程處,水上工務段,嘉義縣,東石鄉,鰲鼓村,THB61246,0818,40.0,NULL,NULL,PRE-WARNING
246,0818,第五區養護工程處,水上工務段,嘉義縣,東石鄉,鰲鼓村,THB61246,0818,NULL,40.0,NULL,PRE-WARNING
246,0818,第五區養護工程處,水上工務段,嘉義縣,東石鄉,鰲鼓村,THB61246,0818,NULL,NULL,40.0,PRE-WARNING
247,0819,第五區養護工程處,水上工務段,嘉義縣,東石鄉,鰲鼓村,THB61247,0819,40.0,NULL,NULL,PRE-WARNING
247,0819,第五區養護工程處,水上工務段,嘉義縣,東石鄉,鰲鼓村,THB61247,0819,NULL,40.0,NULL,PRE-WARNING
247,0819,第五區養護工程處,水上工務段,嘉義縣,東石鄉,鰲鼓村,THB61247,0819,NULL,NULL,40.0,PRE-WARNING
248,0820,第五區養護工程處,水上工務段,嘉義縣,東石鄉,副瀨村,THB61248,0820,40.0,NULL,NULL,PRE-WARNING
248,0820,第五區養護工程處,水上工務段,嘉義縣,東石鄉,副瀨村,THB61248,0820,NULL,40.0,NULL,PRE-WARNING
248,0820,第五區養護工程處,水上工務段,嘉義縣,東石鄉,副瀨村,THB61248,0820,NULL,NULL,40.0,PRE-WARNING
249,0821,第五區養護工程處,水上工務段,嘉義縣,東石鄉,型厝村,THB61249,0821,40.0,NULL,NULL,PRE-WARNING
249,0821,第五區養護工程處,水上工務段,嘉義縣,東石鄉,型厝村,THB61249,0821,NULL,40.0,NULL,PRE-WARNING
249,0821,第五區養護工程處,水上工務段,嘉義縣,東石鄉,型厝村,THB61249,0821,NULL,NULL,40.0,PRE-WARNING
250,0822,第五區養護工程處,水上工務段,嘉義縣,東石鄉,三家村,THB61250,0822,40.0,NULL,NULL,PRE-WARNING
250,0822,第五區養護工程處,水上工務段,嘉義縣,東石鄉,三家村,THB61250,0822,NULL,40.0,NULL,PRE-WARNING
250,0822,第五區養護工程處,水上工務段,嘉義縣,東石鄉,三家村,THB61250,0822,NULL,NULL,40.0,PRE-WARNING
251,0823,第五區養護工程處,水上工務段,嘉義縣,東石鄉,永屯村,THB61251,0823,40.0,NULL,NULL,PRE-WARNING
251,0823,第五區養護工程處,水上工務段,嘉義縣,東石鄉,永屯村,THB61251,0823,NULL,40.0,NULL,PRE-WARNING
251,0823,第五區養護工程處,水上工務段,嘉義縣,東石鄉,永屯村,THB61251,0823,NULL,NULL,40.0,PRE-WARNING
252,0824,第五區養護工程處,水上工務段,嘉義縣,東石鄉,永屯村,THB61252,0824,40.0,NULL,NULL,PRE-WARNING
252,0824,第五區養護工程處,水上工務段,嘉義縣,東石鄉,永屯村,THB61252,0824,NULL,40.0,NULL,PRE-WARNING
252,0824,第五區養護工程處,水上工務段,嘉義縣,東石鄉,永屯村,THB61252,0824,NULL,NULL,40.0,PRE-WARNING
253,0825,第五區養護工程處,水上工務段,嘉義縣,東石鄉,網寮村,THB61253,0825,40.0,NULL,NULL,PRE-WARNING
253,0825,第五區養護工程處,水上工務段,嘉義縣,東石鄉,網寮村,THB61253,0825,NULL,40.0,NULL,PRE-WARNING
253,0825,第五區養護工程處,水上工務段,嘉義縣,東石鄉,網寮村,THB61253,0825,NULL,NULL,40.0,PRE-WARNING
254,0826,第五區養護工程處,水上工務段,嘉義縣,東石鄉,網寮村,THB61254,0826,40.0,NULL,NULL,PRE-WARNING
254,0826,第五區養護工程處,水上工務段,嘉義縣,東石鄉,網寮村,THB61254,0826,NULL,40.0,NULL,PRE-WARNING
254,0826,第五區養護工程處,水上工務段,嘉義縣,東石鄉,網寮村,THB61254,0826,NULL,NULL,40.0,PRE-WARNING
255,0827,第五區養護工程處,水上工務段,嘉義縣,東石鄉,掌潭村,THB61255,0827,40.0,NULL,NULL,PRE-WARNING
255,0827,第五區養護工程處,水上工務段,嘉義縣,東石鄉,掌潭村,THB61255,0827,NULL,40.0,NULL,PRE-WARNING
255,0827,第五區養護工程處,水上工務段,嘉義縣,東石鄉,掌潭村,THB61255,0827,NULL,NULL,40.0,PRE-WARNING
256,0828,第五區養護工程處,水上工務段,嘉義縣,東石鄉,掌潭村,THB61256,0828,40.0,NULL,NULL,PRE-WARNING
256,0828,第五區養護工程處,水上工務段,嘉義縣,東石鄉,掌潭村,THB61256,0828,NULL,40.0,NULL,PRE-WARNING
256,0828,第五區養護工程處,水上工務段,嘉義縣,東石鄉,掌潭村,THB61256,0828,NULL,NULL,40.0,PRE-WARNING
257,0829,第五區養護工程處,水上工務段,嘉義縣,東石鄉,掌潭村,THB61257,0829,40.0,NULL,NULL,PRE-WARNING
257,0829,第五區養護工程處,水上工務段,嘉義縣,東石鄉,掌潭村,THB61257,0829,NULL,40.0,NULL,PRE-WARNING
257,0829,第五區養護工程處,水上工務段,嘉義縣,東石鄉,掌潭村,THB61257,0829,NULL,NULL,40.0,PRE-WARNING
258,0830,第五區養護工程處,水上工務段,嘉義縣,布袋鎮,龍江里,THB61258,0830,40.0,NULL,NULL,PRE-WARNING
258,0830,第五區養護工程處,水上工務段,嘉義縣,布袋鎮,龍江里,THB61258,0830,NULL,40.0,NULL,PRE-WARNING
258,0830,第五區養護工程處,水上工務段,嘉義縣,布袋鎮,龍江里,THB61258,0830,NULL,NULL,40.0,PRE-WARNING
259,0831,第五區養護工程處,水上工務段,嘉義縣,布袋鎮,龍江里,THB61259,0831,40.0,NULL,NULL,PRE-WARNING
259,0831,第五區養護工程處,水上工務段,嘉義縣,布袋鎮,龍江里,THB61259,0831,NULL,40.0,NULL,PRE-WARNING
259,0831,第五區養護工程處,水上工務段,嘉義縣,布袋鎮,龍江里,THB61259,0831,NULL,NULL,40.0,PRE-WARNING
260,0832,第五區養護工程處,水上工務段,嘉義縣,布袋鎮,興中里,THB61260,0832,40.0,NULL,NULL,PRE-WARNING
260,0832,第五區養護工程處,水上工務段,嘉義縣,布袋鎮,興中里,THB61260,0832,NULL,40.0,NULL,PRE-WARNING
260,0832,第五區養護工程處,水上工務段,嘉義縣,布袋鎮,興中里,THB61260,0832,NULL,NULL,40.0,PRE-WARNING
261,0833,第五區養護工程處,水上工務段,嘉義縣,布袋鎮,光復里,THB61261,0833,40.0,NULL,NULL,PRE-WARNING
261,0833,第五區養護工程處,水上工務段,嘉義縣,布袋鎮,光復里,THB61261,0833,NULL,40.0,NULL,PRE-WARNING
261,0833,第五區養護工程處,水上工務段,嘉義縣,布袋鎮,光復里,THB61261,0833,NULL,NULL,40.0,PRE-WARNING
262,0834,第五區養護工程處,水上工務段,嘉義縣,布袋鎮,光復里,THB61262,0834,40.0,NULL,NULL,PRE-WARNING
262,0834,第五區養護工程處,水上工務段,嘉義縣,布袋鎮,光復里,THB61262,0834,NULL,40.0,NULL,PRE-WARNING
262,0834,第五區養護工程處,水上工務段,嘉義縣,布袋鎮,光復里,THB61262,0834,NULL,NULL,40.0,PRE-WARNING
263,0835,第五區養護工程處,水上工務段,嘉義縣,布袋鎮,新岑里,THB61263,0835,40.0,NULL,NULL,PRE-WARNING
263,0835,第五區養護工程處,水上工務段,嘉義縣,布袋鎮,新岑里,THB61263,0835,NULL,40.0,NULL,PRE-WARNING
263,0835,第五區養護工程處,水上工務段,嘉義縣,布袋鎮,新岑里,THB61263,0835,NULL,NULL,40.0,PRE-WARNING
264,0836,第五區養護工程處,水上工務段,嘉義縣,布袋鎮,新民里,THB61264,0836,40.0,NULL,NULL,PRE-WARNING
264,0836,第五區養護工程處,水上工務段,嘉義縣,布袋鎮,新民里,THB61264,0836,NULL,40.0,NULL,PRE-WARNING
264,0836,第五區養護工程處,水上工務段,嘉義縣,布袋鎮,新民里,THB61264,0836,NULL,NULL,40.0,PRE-WARNING
265,0837,第五區養護工程處,水上工務段,嘉義縣,布袋鎮,新民里,THB61265,0837,40.0,NULL,NULL,PRE-WARNING
265,0837,第五區養護工程處,水上工務段,嘉義縣,布袋鎮,新民里,THB61265,0837,NULL,40.0,NULL,PRE-WARNING
265,0837,第五區養護工程處,水上工務段,嘉義縣,布袋鎮,新民里,THB61265,0837,NULL,NULL,40.0,PRE-WARNING
266,0838,第五區養護工程處,水上工務段,嘉義縣,布袋鎮,新民里,THB61266,0838,40.0,NULL,NULL,PRE-WARNING
266,0838,第五區養護工程處,水上工務段,嘉義縣,布袋鎮,新民里,THB61266,0838,NULL,40.0,NULL,PRE-WARNING
266,0838,第五區養護工程處,水上工務段,嘉義縣,布袋鎮,新民里,THB61266,0838,NULL,NULL,40.0,PRE-WARNING
267,0839,第五區養護工程處,水上工務段,嘉義縣,布袋鎮,復興里,THB61267,0839,40.0,NULL,NULL,PRE-WARNING
267,0839,第五區養護工程處,水上工務段,嘉義縣,布袋鎮,復興里,THB61267,0839,NULL,40.0,NULL,PRE-WARNING
267,0839,第五區養護工程處,水上工務段,嘉義縣,布袋鎮,復興里,THB61267,0839,NULL,NULL,40.0,PRE-WARNING
268,0840,第五區養護工程處,水上工務段,嘉義縣,布袋鎮,復興里,THB61268,0840,40.0,NULL,NULL,PRE-WARNING
268,0840,第五區養護工程處,水上工務段,嘉義縣,布袋鎮,復興里,THB61268,0840,NULL,40.0,NULL,PRE-WARNING
268,0840,第五區養護工程處,水上工務段,嘉義縣,布袋鎮,復興里,THB61268,0840,NULL,NULL,40.0,PRE-WARNING
269,0901,第五區養護工程處,新營工務段,臺南市,北門區,錦湖里,THB61269,0901,40.0,NULL,NULL,PRE-WARNING
269,0901,第五區養護工程處,新營工務段,臺南市,北門區,錦湖里,THB61269,0901,NULL,40.0,NULL,PRE-WARNING
269,0901,第五區養護工程處,新營工務段,臺南市,北門區,錦湖里,THB61269,0901,NULL,NULL,40.0,PRE-WARNING
270,0902,第五區養護工程處,新營工務段,臺南市,北門區,鯤江里,THB61270,0902,40.0,NULL,NULL,PRE-WARNING
270,0902,第五區養護工程處,新營工務段,臺南市,北門區,鯤江里,THB61270,0902,NULL,40.0,NULL,PRE-WARNING
270,0902,第五區養護工程處,新營工務段,臺南市,北門區,鯤江里,THB61270,0902,NULL,NULL,40.0,PRE-WARNING
271,0903,第五區養護工程處,新營工務段,臺南市,北門區,保吉里,THB61271,0903,40.0,NULL,NULL,PRE-WARNING
271,0903,第五區養護工程處,新營工務段,臺南市,北門區,保吉里,THB61271,0903,NULL,40.0,NULL,PRE-WARNING
271,0903,第五區養護工程處,新營工務段,臺南市,北門區,保吉里,THB61271,0903,NULL,NULL,40.0,PRE-WARNING
272,0904,第五區養護工程處,新營工務段,臺南市,北門區,保吉里,THB61272,0904,40.0,NULL,NULL,PRE-WARNING
272,0904,第五區養護工程處,新營工務段,臺南市,北門區,保吉里,THB61272,0904,NULL,40.0,NULL,PRE-WARNING
272,0904,第五區養護工程處,新營工務段,臺南市,北門區,保吉里,THB61272,0904,NULL,NULL,40.0,PRE-WARNING
273,0905,第五區養護工程處,新營工務段,臺南市,北門區,永隆里,THB61273,0905,40.0,NULL,NULL,PRE-WARNING
273,0905,第五區養護工程處,新營工務段,臺南市,北門區,永隆里,THB61273,0905,NULL,40.0,NULL,PRE-WARNING
273,0905,第五區養護工程處,新營工務段,臺南市,北門區,永隆里,THB61273,0905,NULL,NULL,40.0,PRE-WARNING
274,0906,第五區養護工程處,新營工務段,臺南市,北門區,北門里,THB61274,0906,40.0,NULL,NULL,PRE-WARNING
274,0906,第五區養護工程處,新營工務段,臺南市,北門區,北門里,THB61274,0906,NULL,40.0,NULL,PRE-WARNING
274,0906,第五區養護工程處,新營工務段,臺南市,北門區,北門里,THB61274,0906,NULL,NULL,40.0,PRE-WARNING
275,0907,第五區養護工程處,新營工務段,臺南市,北門區,永華里,THB61275,0907,40.0,NULL,NULL,PRE-WARNING
275,0907,第五區養護工程處,新營工務段,臺南市,北門區,永華里,THB61275,0907,NULL,40.0,NULL,PRE-WARNING
275,0907,第五區養護工程處,新營工務段,臺南市,北門區,永華里,THB61275,0907,NULL,NULL,40.0,PRE-WARNING
276,0908,第五區養護工程處,新營工務段,臺南市,北門區,慈安里,THB61276,0908,40.0,NULL,NULL,PRE-WARNING
276,0908,第五區養護工程處,新營工務段,臺南市,北門區,慈安里,THB61276,0908,NULL,40.0,NULL,PRE-WARNING
276,0908,第五區養護工程處,新營工務段,臺南市,北門區,慈安里,THB61276,0908,NULL,NULL,40.0,PRE-WARNING
277,0909,第五區養護工程處,新營工務段,臺南市,北門區,慈安里,THB61277,0909,40.0,NULL,NULL,PRE-WARNING
277,0909,第五區養護工程處,新營工務段,臺南市,北門區,慈安里,THB61277,0909,NULL,40.0,NULL,PRE-WARNING
277,0909,第五區養護工程處,新營工務段,臺南市,北門區,慈安里,THB61277,0909,NULL,NULL,40.0,PRE-WARNING
278,0910,第五區養護工程處,新營工務段,臺南市,北門區,三光里,THB61278,0910,40.0,NULL,NULL,PRE-WARNING
278,0910,第五區養護工程處,新營工務段,臺南市,北門區,三光里,THB61278,0910,NULL,40.0,NULL,PRE-WARNING
278,0910,第五區養護工程處,新營工務段,臺南市,北門區,三光里,THB61278,0910,NULL,NULL,40.0,PRE-WARNING
279,0911,第五區養護工程處,新營工務段,臺南市,北門區,三光里,THB61279,0911,40.0,NULL,NULL,PRE-WARNING
279,0911,第五區養護工程處,新營工務段,臺南市,北門區,三光里,THB61279,0911,NULL,40.0,NULL,PRE-WARNING
279,0911,第五區養護工程處,新營工務段,臺南市,北門區,三光里,THB61279,0911,NULL,NULL,40.0,PRE-WARNING
280,0912,第五區養護工程處,新營工務段,臺南市,將軍區,長沙里,THB61280,0912,40.0,NULL,NULL,PRE-WARNING
280,0912,第五區養護工程處,新營工務段,臺南市,將軍區,長沙里,THB61280,0912,NULL,40.0,NULL,PRE-WARNING
280,0912,第五區養護工程處,新營工務段,臺南市,將軍區,長沙里,THB61280,0912,NULL,NULL,40.0,PRE-WARNING
281,0913,第五區養護工程處,新營工務段,臺南市,將軍區,平沙里,THB61281,0913,40.0,NULL,NULL,PRE-WARNING
281,0913,第五區養護工程處,新營工務段,臺南市,將軍區,平沙里,THB61281,0913,NULL,40.0,NULL,PRE-WARNING
281,0913,第五區養護工程處,新營工務段,臺南市,將軍區,平沙里,THB61281,0913,NULL,NULL,40.0,PRE-WARNING
282,1001,第五區養護工程處,新化工務段,臺南市,將軍區,平沙里,THB61282,1001,40.0,NULL,NULL,PRE-WARNING
282,1001,第五區養護工程處,新化工務段,臺南市,將軍區,平沙里,THB61282,1001,NULL,40.0,NULL,PRE-WARNING
282,1001,第五區養護工程處,新化工務段,臺南市,將軍區,平沙里,THB61282,1001,NULL,NULL,40.0,PRE-WARNING
283,1002,第五區養護工程處,新化工務段,臺南市,將軍區,鯤鯓里,THB61283,1002,40.0,NULL,NULL,PRE-WARNING
283,1002,第五區養護工程處,新化工務段,臺南市,將軍區,鯤鯓里,THB61283,1002,NULL,40.0,NULL,PRE-WARNING
283,1002,第五區養護工程處,新化工務段,臺南市,將軍區,鯤鯓里,THB61283,1002,NULL,NULL,40.0,PRE-WARNING
284,1003,第五區養護工程處,新化工務段,臺南市,七股區,西寮里,THB61284,1003,40.0,NULL,NULL,PRE-WARNING
284,1003,第五區養護工程處,新化工務段,臺南市,七股區,西寮里,THB61284,1003,NULL,40.0,NULL,PRE-WARNING
284,1003,第五區養護工程處,新化工務段,臺南市,七股區,西寮里,THB61284,1003,NULL,NULL,40.0,PRE-WARNING
285,1004,第五區養護工程處,新化工務段,臺南市,七股區,西寮里,THB61285,1004,40.0,NULL,NULL,PRE-WARNING
285,1004,第五區養護工程處,新化工務段,臺南市,七股區,西寮里,THB61285,1004,NULL,40.0,NULL,PRE-WARNING
285,1004,第五區養護工程處,新化工務段,臺南市,七股區,西寮里,THB61285,1004,NULL,NULL,40.0,PRE-WARNING
286,1005,第五區養護工程處,新化工務段,臺南市,七股區,鹽埕里,THB61286,1005,40.0,NULL,NULL,PRE-WARNING
286,1005,第五區養護工程處,新化工務段,臺南市,七股區,鹽埕里,THB61286,1005,NULL,40.0,NULL,PRE-WARNING
286,1005,第五區養護工程處,新化工務段,臺南市,七股區,鹽埕里,THB61286,1005,NULL,NULL,40.0,PRE-WARNING
287,1006,第五區養護工程處,新化工務段,臺南市,七股區,鹽埕里,THB61287,1006,40.0,NULL,NULL,PRE-WARNING
287,1006,第五區養護工程處,新化工務段,臺南市,七股區,鹽埕里,THB61287,1006,NULL,40.0,NULL,PRE-WARNING
287,1006,第五區養護工程處,新化工務段,臺南市,七股區,鹽埕里,THB61287,1006,NULL,NULL,40.0,PRE-WARNING
288,1007,第五區養護工程處,新化工務段,臺南市,七股區,鹽埕里,THB61288,1007,40.0,NULL,NULL,PRE-WARNING
288,1007,第五區養護工程處,新化工務段,臺南市,七股區,鹽埕里,THB61288,1007,NULL,40.0,NULL,PRE-WARNING
288,1007,第五區養護工程處,新化工務段,臺南市,七股區,鹽埕里,THB61288,1007,NULL,NULL,40.0,PRE-WARNING
289,1008,第五區養護工程處,新化工務段,臺南市,七股區,鹽埕里,THB61289,1008,40.0,NULL,NULL,PRE-WARNING
289,1008,第五區養護工程處,新化工務段,臺南市,七股區,鹽埕里,THB61289,1008,NULL,40.0,NULL,PRE-WARNING
289,1008,第五區養護工程處,新化工務段,臺南市,七股區,鹽埕里,THB61289,1008,NULL,NULL,40.0,PRE-WARNING
290,1009,第五區養護工程處,新化工務段,臺南市,七股區,龍山里,THB61290,1009,40.0,NULL,NULL,PRE-WARNING
290,1009,第五區養護工程處,新化工務段,臺南市,七股區,龍山里,THB61290,1009,NULL,40.0,NULL,PRE-WARNING
290,1009,第五區養護工程處,新化工務段,臺南市,七股區,龍山里,THB61290,1009,NULL,NULL,40.0,PRE-WARNING
291,1010,第五區養護工程處,新化工務段,臺南市,七股區,三股里,THB61291,1010,40.0,NULL,NULL,PRE-WARNING
291,1010,第五區養護工程處,新化工務段,臺南市,七股區,三股里,THB61291,1010,NULL,40.0,NULL,PRE-WARNING
291,1010,第五區養護工程處,新化工務段,臺南市,七股區,三股里,THB61291,1010,NULL,NULL,40.0,PRE-WARNING
292,1011,第五區養護工程處,新化工務段,臺南市,七股區,三股里,THB61292,1011,40.0,NULL,NULL,PRE-WARNING
292,1011,第五區養護工程處,新化工務段,臺南市,七股區,三股里,THB61292,1011,NULL,40.0,NULL,PRE-WARNING
292,1011,第五區養護工程處,新化工務段,臺南市,七股區,三股里,THB61292,1011,NULL,NULL,40.0,PRE-WARNING
293,1012,第五區養護工程處,新化工務段,臺南市,七股區,十份里,THB61293,1012,40.0,NULL,NULL,PRE-WARNING
293,1012,第五區養護工程處,新化工務段,臺南市,七股區,十份里,THB61293,1012,NULL,40.0,NULL,PRE-WARNING
293,1012,第五區養護工程處,新化工務段,臺南市,七股區,十份里,THB61293,1012,NULL,NULL,40.0,PRE-WARNING
294,1013,第五區養護工程處,新化工務段,臺南市,七股區,十份里,THB61294,1013,40.0,NULL,NULL,PRE-WARNING
294,1013,第五區養護工程處,新化工務段,臺南市,七股區,十份里,THB61294,1013,NULL,40.0,NULL,PRE-WARNING
294,1013,第五區養護工程處,新化工務段,臺南市,七股區,十份里,THB61294,1013,NULL,NULL,40.0,PRE-WARNING
